
============================================================
  CHUNK 1/309
  224 fichiers, 2.05 GB
============================================================
  [1/224] updated_date=2016-06-24\part_0000.gz: 486 papers, 1 arXiv (1109 p/s)
  [2/224] updated_date=2016-07-22\part_0000.gz: 124 papers, 0 arXiv (5613 p/s)
  [3/224] updated_date=2016-08-23\part_0000.gz: 132 papers, 0 arXiv (5638 p/s)
  [4/224] updated_date=2016-09-16\part_0000.gz: 51 papers, 0 arXiv (3724 p/s)
  [5/224] updated_date=2016-09-23\part_0000.gz: 26 papers, 0 arXiv (2489 p/s)
  [6/224] updated_date=2016-09-30\part_0000.gz: 40 papers, 0 arXiv (3276 p/s)
  [7/224] updated_date=2016-10-07\part_0000.gz: 41 papers, 0 arXiv (3354 p/s)
  [8/224] updated_date=2016-10-14\part_0000.gz: 3 papers, 0 arXiv (365 p/s)
  [9/224] updated_date=2016-10-21\part_0000.gz: 2 papers, 0 arXiv (266 p/s)
  [10/224] updated_date=2016-10-28\part_0000.gz: 10 papers, 0 arXiv (1290 p/s)
  [11/224] updated_date=2016-11-04\part_0000.gz: 1 papers, 0 arXiv (140 p/s)
  [12/224] updated_date=2016-11-11\part_0000.gz: 1 papers, 0 arXiv (147 p/s)
  [13/224] updated_date=2016-11-30\part_0000.gz: 6 papers, 0 arXiv (708 p/s)
  [14/224] updated_date=2016-12-08\part_0000.gz: 5 papers, 0 arXiv (666 p/s)
  [15/224] updated_date=2016-12-16\part_0000.gz: 2 papers, 0 arXiv (315 p/s)
  [16/224] updated_date=2017-01-06\part_0000.gz: 9 papers, 0 arXiv (1121 p/s)
  [17/224] updated_date=2017-01-13\part_0000.gz: 2 papers, 0 arXiv (246 p/s)
  [18/224] updated_date=2017-01-26\part_0000.gz: 2 papers, 0 arXiv (256 p/s)
  [19/224] updated_date=2017-02-03\part_0000.gz: 4 papers, 0 arXiv (434 p/s)
  [20/224] updated_date=2017-02-10\part_0000.gz: 2 papers, 0 arXiv (259 p/s)
  [21/224] updated_date=2017-02-17\part_0000.gz: 5 papers, 0 arXiv (517 p/s)
  [22/224] updated_date=2017-02-24\part_0000.gz: 3 papers, 0 arXiv (371 p/s)
  [23/224] updated_date=2017-03-03\part_0000.gz: 5 papers, 0 arXiv (268 p/s)
  [24/224] updated_date=2017-03-16\part_0000.gz: 8 papers, 0 arXiv (1020 p/s)
  [25/224] updated_date=2017-03-23\part_0000.gz: 8 papers, 0 arXiv (960 p/s)
  [26/224] updated_date=2017-04-07\part_0000.gz: 23 papers, 0 arXiv (2097 p/s)
  [27/224] updated_date=2017-04-14\part_0000.gz: 7 papers, 0 arXiv (870 p/s)
  [28/224] updated_date=2017-04-28\part_0000.gz: 3 papers, 0 arXiv (421 p/s)
  [29/224] updated_date=2017-05-05\part_0000.gz: 7 papers, 0 arXiv (891 p/s)
  [30/224] updated_date=2017-05-12\part_0000.gz: 8 papers, 0 arXiv (974 p/s)
  [31/224] updated_date=2017-05-19\part_0000.gz: 12 papers, 0 arXiv (1403 p/s)
  [32/224] updated_date=2017-05-26\part_0000.gz: 12 papers, 0 arXiv (1207 p/s)
  [33/224] updated_date=2017-06-05\part_0000.gz: 9 papers, 0 arXiv (1014 p/s)
  [34/224] updated_date=2017-06-15\part_0000.gz: 9 papers, 0 arXiv (908 p/s)
  [35/224] updated_date=2017-06-23\part_0000.gz: 12 papers, 0 arXiv (1274 p/s)
  [36/224] updated_date=2017-06-30\part_0000.gz: 19 papers, 0 arXiv (1971 p/s)
  [37/224] updated_date=2017-07-14\part_0000.gz: 17 papers, 0 arXiv (1723 p/s)
  [38/224] updated_date=2017-07-21\part_0000.gz: 6 papers, 0 arXiv (712 p/s)
  [39/224] updated_date=2017-07-31\part_0000.gz: 20 papers, 0 arXiv (1884 p/s)
  [40/224] updated_date=2017-08-08\part_0000.gz: 21 papers, 0 arXiv (1927 p/s)
  [41/224] updated_date=2017-08-17\part_0000.gz: 11 papers, 0 arXiv (1247 p/s)
  [42/224] updated_date=2017-08-31\part_0000.gz: 11 papers, 0 arXiv (1136 p/s)
  [43/224] updated_date=2017-09-15\part_0000.gz: 2 papers, 0 arXiv (255 p/s)
  [44/224] updated_date=2017-09-25\part_0000.gz: 1 papers, 0 arXiv (144 p/s)
  [45/224] updated_date=2017-10-06\part_0000.gz: 5 papers, 0 arXiv (635 p/s)
  [46/224] updated_date=2017-10-20\part_0000.gz: 3 papers, 0 arXiv (446 p/s)
  [47/224] updated_date=2017-11-17\part_0000.gz: 2 papers, 0 arXiv (252 p/s)
  [48/224] updated_date=2017-12-04\part_0000.gz: 6 papers, 0 arXiv (753 p/s)
  [49/224] updated_date=2017-12-22\part_0000.gz: 5 papers, 0 arXiv (610 p/s)
  [50/224] updated_date=2018-01-05\part_0000.gz: 5 papers, 0 arXiv (653 p/s)
  [51/224] updated_date=2018-01-12\part_0000.gz: 1 papers, 0 arXiv (77 p/s)
  [52/224] updated_date=2018-01-26\part_0000.gz: 4 papers, 0 arXiv (390 p/s)
  [53/224] updated_date=2018-02-02\part_0000.gz: 2 papers, 0 arXiv (279 p/s)
  [54/224] updated_date=2018-02-23\part_0000.gz: 2 papers, 0 arXiv (293 p/s)
  [55/224] updated_date=2018-03-06\part_0000.gz: 1 papers, 0 arXiv (163 p/s)
  [56/224] updated_date=2018-03-29\part_0000.gz: 7 papers, 0 arXiv (1090 p/s)
  [57/224] updated_date=2018-04-06\part_0000.gz: 5 papers, 0 arXiv (617 p/s)
  [58/224] updated_date=2018-04-24\part_0000.gz: 5 papers, 0 arXiv (686 p/s)
  [59/224] updated_date=2018-05-17\part_0000.gz: 14 papers, 0 arXiv (1665 p/s)
  [60/224] updated_date=2018-06-01\part_0000.gz: 3 papers, 0 arXiv (419 p/s)
  [61/224] updated_date=2018-06-13\part_0000.gz: 10 papers, 0 arXiv (1285 p/s)
  [62/224] updated_date=2018-06-21\part_0000.gz: 3 papers, 0 arXiv (1810 p/s)
  [63/224] updated_date=2018-06-29\part_0000.gz: 4 papers, 0 arXiv (535 p/s)
  [64/224] updated_date=2018-07-10\part_0000.gz: 6 papers, 0 arXiv (812 p/s)
  [65/224] updated_date=2018-07-19\part_0000.gz: 4 papers, 0 arXiv (494 p/s)
  [66/224] updated_date=2018-08-03\part_0000.gz: 9 papers, 0 arXiv (1077 p/s)
  [67/224] updated_date=2018-08-22\part_0000.gz: 29 papers, 0 arXiv (2477 p/s)
  [68/224] updated_date=2018-08-31\part_0000.gz: 3 papers, 0 arXiv (439 p/s)
  [69/224] updated_date=2018-09-07\part_0000.gz: 2 papers, 0 arXiv (327 p/s)
  [70/224] updated_date=2018-09-27\part_0000.gz: 44 papers, 0 arXiv (2936 p/s)
  [71/224] updated_date=2018-10-05\part_0000.gz: 11 papers, 0 arXiv (1261 p/s)
  [72/224] updated_date=2018-10-12\part_0000.gz: 4 papers, 0 arXiv (506 p/s)
  [73/224] updated_date=2018-10-26\part_0000.gz: 2 papers, 0 arXiv (317 p/s)
  [74/224] updated_date=2018-11-02\part_0000.gz: 7 papers, 0 arXiv (932 p/s)
  [75/224] updated_date=2018-11-09\part_0000.gz: 4 papers, 0 arXiv (524 p/s)
  [76/224] updated_date=2018-11-16\part_0000.gz: 6 papers, 0 arXiv (800 p/s)
  [77/224] updated_date=2018-11-29\part_0000.gz: 1 papers, 0 arXiv (146 p/s)
  [78/224] updated_date=2018-12-11\part_0000.gz: 4 papers, 0 arXiv (519 p/s)
  [79/224] updated_date=2018-12-22\part_0000.gz: 5 papers, 0 arXiv (610 p/s)
  [80/224] updated_date=2019-01-01\part_0000.gz: 2 papers, 0 arXiv (266 p/s)
  [81/224] updated_date=2019-01-11\part_0000.gz: 1 papers, 0 arXiv (156 p/s)
  [82/224] updated_date=2019-01-25\part_0000.gz: 6 papers, 0 arXiv (784 p/s)
  [83/224] updated_date=2019-02-21\part_0000.gz: 13 papers, 0 arXiv (1419 p/s)
  [84/224] updated_date=2019-03-02\part_0000.gz: 11 papers, 0 arXiv (1409 p/s)
  [85/224] updated_date=2019-03-11\part_0000.gz: 2 papers, 0 arXiv (243 p/s)
  [86/224] updated_date=2019-03-22\part_0000.gz: 5 papers, 0 arXiv (513 p/s)
  [87/224] updated_date=2019-04-01\part_0000.gz: 3 papers, 0 arXiv (371 p/s)
  [88/224] updated_date=2019-04-11\part_0000.gz: 9 papers, 0 arXiv (965 p/s)
  [89/224] updated_date=2019-04-25\part_0000.gz: 12 papers, 0 arXiv (1209 p/s)
  [90/224] updated_date=2019-05-03\part_0000.gz: 4 papers, 0 arXiv (488 p/s)
  [91/224] updated_date=2019-05-09\part_0000.gz: 4 papers, 0 arXiv (304 p/s)
  [92/224] updated_date=2019-05-16\part_0000.gz: 1 papers, 0 arXiv (71 p/s)
  [93/224] updated_date=2019-05-29\part_0000.gz: 5 papers, 0 arXiv (537 p/s)
  [94/224] updated_date=2019-06-07\part_0000.gz: 4 papers, 0 arXiv (484 p/s)
  [95/224] updated_date=2019-06-14\part_0000.gz: 3 papers, 0 arXiv (318 p/s)
  [96/224] updated_date=2019-06-27\part_0000.gz: 10 papers, 0 arXiv (1195 p/s)
  [97/224] updated_date=2019-07-12\part_0000.gz: 6 papers, 0 arXiv (702 p/s)
  [98/224] updated_date=2019-07-23\part_0000.gz: 1 papers, 0 arXiv (161 p/s)
  [99/224] updated_date=2019-08-13\part_0000.gz: 1 papers, 0 arXiv (136 p/s)
  [100/224] updated_date=2019-08-22\part_0000.gz: 2 papers, 0 arXiv (265 p/s)
  [101/224] updated_date=2019-09-12\part_0000.gz: 1 papers, 0 arXiv (134 p/s)
  [102/224] updated_date=2019-10-10\part_0000.gz: 2 papers, 0 arXiv (247 p/s)
  [103/224] updated_date=2019-10-18\part_0000.gz: 2 papers, 0 arXiv (277 p/s)
  [104/224] updated_date=2019-10-25\part_0000.gz: 2 papers, 0 arXiv (299 p/s)
  [105/224] updated_date=2019-11-08\part_0000.gz: 3 papers, 0 arXiv (398 p/s)
  [106/224] updated_date=2019-11-22\part_0000.gz: 8 papers, 0 arXiv (1044 p/s)
  [107/224] updated_date=2019-12-05\part_0000.gz: 3 papers, 0 arXiv (424 p/s)
  [108/224] updated_date=2019-12-13\part_0000.gz: 8 papers, 0 arXiv (986 p/s)
  [109/224] updated_date=2020-01-10\part_0000.gz: 2 papers, 0 arXiv (310 p/s)
  [110/224] updated_date=2020-01-23\part_0000.gz: 2 papers, 0 arXiv (284 p/s)
  [111/224] updated_date=2020-01-30\part_0000.gz: 1 papers, 0 arXiv (141 p/s)
  [112/224] updated_date=2020-02-14\part_0000.gz: 2 papers, 0 arXiv (310 p/s)
  [113/224] updated_date=2020-02-24\part_0000.gz: 1 papers, 0 arXiv (154 p/s)
  [114/224] updated_date=2020-03-06\part_0000.gz: 1 papers, 0 arXiv (152 p/s)
  [115/224] updated_date=2020-03-23\part_0000.gz: 3 papers, 0 arXiv (403 p/s)
  [116/224] updated_date=2020-03-27\part_0000.gz: 3 papers, 0 arXiv (436 p/s)
  [117/224] updated_date=2020-04-03\part_0000.gz: 4 papers, 0 arXiv (193 p/s)
  [118/224] updated_date=2020-05-13\part_0000.gz: 2 papers, 0 arXiv (302 p/s)
  [119/224] updated_date=2020-05-21\part_0000.gz: 1 papers, 0 arXiv (39 p/s)
  [120/224] updated_date=2020-05-29\part_0000.gz: 3 papers, 0 arXiv (381 p/s)
  [121/224] updated_date=2020-06-05\part_0000.gz: 20 papers, 0 arXiv (839 p/s)
  [122/224] updated_date=2020-06-12\part_0000.gz: 1 papers, 0 arXiv (141 p/s)
  [123/224] updated_date=2020-06-19\part_0000.gz: 2 papers, 0 arXiv (105 p/s)
  [124/224] updated_date=2020-06-25\part_0000.gz: 1 papers, 0 arXiv (149 p/s)
  [125/224] updated_date=2020-07-16\part_0000.gz: 1 papers, 0 arXiv (161 p/s)
  [126/224] updated_date=2020-07-23\part_0000.gz: 1 papers, 0 arXiv (72 p/s)
  [127/224] updated_date=2020-07-29\part_0000.gz: 2 papers, 0 arXiv (175 p/s)
  [128/224] updated_date=2020-08-10\part_0000.gz: 1 papers, 0 arXiv (62 p/s)
  [129/224] updated_date=2020-08-21\part_0000.gz: 1 papers, 0 arXiv (82 p/s)
  [130/224] updated_date=2020-08-24\part_0000.gz: 1 papers, 0 arXiv (64 p/s)
  [131/224] updated_date=2020-09-01\part_0000.gz: 3 papers, 0 arXiv (153 p/s)
  [132/224] updated_date=2020-09-08\part_0000.gz: 2 papers, 0 arXiv (266 p/s)
  [133/224] updated_date=2020-09-14\part_0000.gz: 1 papers, 0 arXiv (52 p/s)
  [134/224] updated_date=2020-09-21\part_0000.gz: 1 papers, 0 arXiv (152 p/s)
  [135/224] updated_date=2020-09-25\part_0000.gz: 1 papers, 0 arXiv (78 p/s)
  [136/224] updated_date=2020-10-01\part_0000.gz: 1 papers, 0 arXiv (64 p/s)
  [137/224] updated_date=2020-10-08\part_0000.gz: 1 papers, 0 arXiv (88 p/s)
  [138/224] updated_date=2020-10-22\part_0000.gz: 3 papers, 0 arXiv (227 p/s)
  [139/224] updated_date=2020-10-29\part_0000.gz: 1 papers, 0 arXiv (66 p/s)
  [140/224] updated_date=2020-11-09\part_0000.gz: 1 papers, 0 arXiv (52 p/s)
  [141/224] updated_date=2020-11-23\part_0000.gz: 5 papers, 0 arXiv (317 p/s)
  [142/224] updated_date=2020-12-07\part_0000.gz: 1 papers, 0 arXiv (74 p/s)
  [143/224] updated_date=2020-12-21\part_0000.gz: 13 papers, 0 arXiv (704 p/s)
  [144/224] updated_date=2021-01-05\part_0000.gz: 3 papers, 0 arXiv (193 p/s)
  [145/224] updated_date=2021-01-18\part_0000.gz: 1 papers, 0 arXiv (171 p/s)
  [146/224] updated_date=2021-02-01\part_0000.gz: 3 papers, 0 arXiv (423 p/s)
  [147/224] updated_date=2021-02-15\part_0000.gz: 2 papers, 0 arXiv (267 p/s)
  [148/224] updated_date=2021-03-01\part_0000.gz: 7 papers, 0 arXiv (827 p/s)
  [149/224] updated_date=2021-03-15\part_0000.gz: 1 papers, 0 arXiv (89 p/s)
  [150/224] updated_date=2021-04-13\part_0000.gz: 11 papers, 0 arXiv (1106 p/s)
  [151/224] updated_date=2021-05-10\part_0000.gz: 2 papers, 0 arXiv (116 p/s)
  [152/224] updated_date=2021-05-24\part_0000.gz: 6 papers, 0 arXiv (825 p/s)
  [153/224] updated_date=2021-06-07\part_0000.gz: 4 papers, 0 arXiv (555 p/s)
  [154/224] updated_date=2021-06-22\part_0000.gz: 9 papers, 0 arXiv (563 p/s)
  [155/224] updated_date=2021-07-05\part_0000.gz: 3 papers, 0 arXiv (415 p/s)
  [156/224] updated_date=2021-07-19\part_0000.gz: 1 papers, 0 arXiv (161 p/s)
  [157/224] updated_date=2021-08-02\part_0000.gz: 2 papers, 0 arXiv (128 p/s)
  [158/224] updated_date=2021-08-16\part_0000.gz: 3 papers, 0 arXiv (455 p/s)
  [159/224] updated_date=2021-08-30\part_0000.gz: 1 papers, 0 arXiv (148 p/s)
  [160/224] updated_date=2021-09-13\part_0000.gz: 7 papers, 0 arXiv (953 p/s)
  [161/224] updated_date=2021-09-27\part_0000.gz: 1 papers, 0 arXiv (152 p/s)
  [162/224] updated_date=2021-10-11\part_0000.gz: 1 papers, 0 arXiv (159 p/s)
  [163/224] updated_date=2021-10-25\part_0000.gz: 1 papers, 0 arXiv (98 p/s)
  [164/224] updated_date=2021-11-03\part_0000.gz: 1 papers, 0 arXiv (148 p/s)
  [165/224] updated_date=2021-11-04\part_0000.gz: 125 papers, 0 arXiv (2779 p/s)
  [166/224] updated_date=2021-12-23\part_0000.gz: 18 papers, 0 arXiv (824 p/s)
  [167/224] updated_date=2022-02-01\part_0000.gz: 2 papers, 0 arXiv (295 p/s)
  [168/224] updated_date=2022-02-02\part_0000.gz: 28 papers, 0 arXiv (2205 p/s)
  [169/224] updated_date=2022-02-03\part_0000.gz: 1 papers, 0 arXiv (56 p/s)
  [170/224] updated_date=2022-03-09\part_0000.gz: 1 papers, 0 arXiv (144 p/s)
  [171/224] updated_date=2022-04-05\part_0000.gz: 4 papers, 4 arXiv (519 p/s)
  [172/224] updated_date=2022-04-06\part_0000.gz: 4 papers, 4 arXiv (231 p/s)
  [173/224] updated_date=2022-05-05\part_0000.gz: 3 papers, 3 arXiv (423 p/s)
  [174/224] updated_date=2022-05-16\part_0000.gz: 3 papers, 0 arXiv (439 p/s)
  [175/224] updated_date=2022-07-29\part_0000.gz: 2 papers, 1 arXiv (298 p/s)
  [176/224] updated_date=2022-08-02\part_0000.gz: 1 papers, 1 arXiv (146 p/s)
  [177/224] updated_date=2022-08-06\part_0000.gz: 1 papers, 0 arXiv (157 p/s)
  [178/224] updated_date=2022-08-07\part_0000.gz: 3 papers, 0 arXiv (474 p/s)
  [179/224] updated_date=2022-10-02\part_0000.gz: 1 papers, 1 arXiv (168 p/s)
  [180/224] updated_date=2022-11-02\part_0000.gz: 1 papers, 1 arXiv (160 p/s)
  [181/224] updated_date=2023-12-11\part_0000.gz: 19 papers, 6 arXiv (1774 p/s)
  [182/224] updated_date=2024-07-19\part_0000.gz: 3 papers, 0 arXiv (438 p/s)
  [183/224] updated_date=2024-11-08\part_0000.gz: 1 papers, 0 arXiv (153 p/s)
  [184/224] updated_date=2025-07-16\part_0000.gz: 1 papers, 0 arXiv (161 p/s)
  [185/224] updated_date=2025-07-22\part_0000.gz: 11,752 papers, 33 arXiv (5314 p/s)
  [186/224] updated_date=2025-07-23\part_0000.gz: 400,000 papers, 55 arXiv (7018 p/s)
  [187/224] updated_date=2025-07-23\part_0001.gz: 151,366 papers, 23 arXiv (6229 p/s)
  [188/224] updated_date=2025-07-24\part_0000.gz: 88,298 papers, 42 arXiv (4667 p/s)
  [189/224] updated_date=2025-07-25\part_0000.gz: 9,336 papers, 44 arXiv (3917 p/s)
  [190/224] updated_date=2025-07-26\part_0000.gz: 10,756 papers, 35 arXiv (3929 p/s)
  [191/224] updated_date=2025-07-27\part_0000.gz: 4,599 papers, 31 arXiv (3510 p/s)
  [192/224] updated_date=2025-07-28\part_0000.gz: 5,603 papers, 25 arXiv (3400 p/s)
  [193/224] updated_date=2025-07-29\part_0000.gz: 4,461 papers, 33 arXiv (3287 p/s)
  [194/224] updated_date=2025-07-30\part_0000.gz: 2,682 papers, 16 arXiv (2919 p/s)
  [195/224] updated_date=2025-07-31\part_0000.gz: 1,925 papers, 31 arXiv (2348 p/s)
  [196/224] updated_date=2025-08-04\part_0000.gz: 1 papers, 0 arXiv (122 p/s)
  [197/224] updated_date=2025-08-15\part_0000.gz: 1 papers, 0 arXiv (139 p/s)
  [198/224] updated_date=2025-08-18\part_0000.gz: 141 papers, 0 arXiv (3351 p/s)
  [199/224] updated_date=2025-08-27\part_0000.gz: 1 papers, 0 arXiv (129 p/s)
  [200/224] updated_date=2025-08-28\part_0000.gz: 3 papers, 0 arXiv (374 p/s)
  [201/224] updated_date=2025-08-29\part_0000.gz: 1 papers, 0 arXiv (122 p/s)
  [202/224] updated_date=2025-09-03\part_0000.gz: 1 papers, 0 arXiv (153 p/s)
  [203/224] updated_date=2025-09-08\part_0000.gz: 1 papers, 0 arXiv (156 p/s)
  [204/224] updated_date=2025-09-09\part_0000.gz: 1 papers, 0 arXiv (161 p/s)
  [205/224] updated_date=2025-09-23\part_0000.gz: 3 papers, 3 arXiv (435 p/s)
  [206/224] updated_date=2025-09-24\part_0000.gz: 4 papers, 2 arXiv (438 p/s)
  [207/224] updated_date=2025-09-25\part_0000.gz: 3 papers, 1 arXiv (397 p/s)
  [208/224] updated_date=2025-09-26\part_0000.gz: 4 papers, 0 arXiv (98 p/s)
  [209/224] updated_date=2025-09-27\part_0000.gz: 3 papers, 2 arXiv (108 p/s)
  [210/224] updated_date=2025-09-28\part_0000.gz: 2 papers, 1 arXiv (195 p/s)
  [211/224] updated_date=2025-09-29\part_0000.gz: 4 papers, 4 arXiv (471 p/s)
  [212/224] updated_date=2025-09-30\part_0000.gz: 2 papers, 1 arXiv (279 p/s)
  [213/224] updated_date=2025-10-01\part_0000.gz: 7 papers, 5 arXiv (706 p/s)
  [214/224] updated_date=2025-10-02\part_0000.gz: 10 papers, 4 arXiv (1162 p/s)
  [215/224] updated_date=2025-10-03\part_0000.gz: 1 papers, 1 arXiv (157 p/s)
  [216/224] updated_date=2025-10-04\part_0000.gz: 2 papers, 2 arXiv (317 p/s)
  [217/224] updated_date=2025-10-05\part_0000.gz: 2 papers, 2 arXiv (288 p/s)
  [218/224] updated_date=2025-10-06\part_0000.gz: 4 papers, 2 arXiv (507 p/s)
  [219/224] updated_date=2025-10-07\part_0000.gz: 4 papers, 1 arXiv (615 p/s)
  [220/224] updated_date=2025-10-08\part_0000.gz: 7 papers, 4 arXiv (890 p/s)
  [221/224] updated_date=2025-10-09\part_0000.gz: 52 papers, 11 arXiv (1057 p/s)
  [222/224] updated_date=2025-10-10\part_0000.gz: 300,671 papers, 528 arXiv (6536 p/s)
  [223/224] updated_date=2025-10-10\part_0001.gz: 300,659 papers, 507 arXiv (6536 p/s)
  [224/224] updated_date=2025-10-10\part_0002.gz: 300,586 papers, 462 arXiv (6605 p/s)

  Chunk 1 terminé: 1,594,891 papers, 1,933 arXiv (254s, 6286 p/s)
  Progression: 1/309 (0%)
  arXiv trouvés: 1,933

============================================================
  CHUNK 2/309
  7 fichiers, 2.27 GB
============================================================
  [1/7] updated_date=2025-10-10\part_0003.gz: 300,992 papers, 515 arXiv (6872 p/s)
  [2/7] updated_date=2025-10-10\part_0004.gz: 301,466 papers, 495 arXiv (6030 p/s)
  [3/7] updated_date=2025-10-10\part_0005.gz: 301,322 papers, 494 arXiv (6055 p/s)
  [4/7] updated_date=2025-10-10\part_0006.gz: 301,518 papers, 488 arXiv (6514 p/s)
  [5/7] updated_date=2025-10-10\part_0007.gz: 300,500 papers, 501 arXiv (7437 p/s)
  [6/7] updated_date=2025-10-10\part_0008.gz: 301,261 papers, 490 arXiv (7183 p/s)
  [7/7] updated_date=2025-10-10\part_0009.gz: 300,682 papers, 481 arXiv (7739 p/s)

  Chunk 2 terminé: 2,107,741 papers, 3,464 arXiv (311s, 6776 p/s)
  Progression: 2/309 (1%)
  arXiv trouvés: 5,397

============================================================
  CHUNK 3/309
  7 fichiers, 2.26 GB
============================================================
  [1/7] updated_date=2025-10-10\part_0010.gz: 300,778 papers, 491 arXiv (7223 p/s)
  [2/7] updated_date=2025-10-10\part_0011.gz: 300,512 papers, 475 arXiv (7351 p/s)
  [3/7] updated_date=2025-10-10\part_0012.gz: 300,122 papers, 477 arXiv (7313 p/s)
  [4/7] updated_date=2025-10-10\part_0013.gz: 300,019 papers, 481 arXiv (7279 p/s)
  [5/7] updated_date=2025-10-10\part_0014.gz: 301,758 papers, 506 arXiv (7388 p/s)
  [6/7] updated_date=2025-10-10\part_0015.gz: 300,794 papers, 467 arXiv (7353 p/s)
  [7/7] updated_date=2025-10-10\part_0016.gz: 299,475 papers, 486 arXiv (8390 p/s)

  Chunk 3 terminé: 2,103,458 papers, 3,383 arXiv (282s, 7453 p/s)
  Progression: 3/309 (1%)
  arXiv trouvés: 8,780

============================================================
  CHUNK 4/309
  7 fichiers, 2.26 GB
============================================================
  [1/7] updated_date=2025-10-10\part_0017.gz: 301,221 papers, 506 arXiv (8500 p/s)
  [2/7] updated_date=2025-10-10\part_0018.gz: 300,806 papers, 449 arXiv (8425 p/s)
  [3/7] updated_date=2025-10-10\part_0019.gz: 301,835 papers, 498 arXiv (8546 p/s)
  [4/7] updated_date=2025-10-10\part_0020.gz: 300,455 papers, 476 arXiv (8531 p/s)
  [5/7] updated_date=2025-10-10\part_0021.gz: 300,334 papers, 524 arXiv (8589 p/s)
  [6/7] updated_date=2025-10-10\part_0022.gz: 300,957 papers, 522 arXiv (8332 p/s)
  [7/7] updated_date=2025-10-10\part_0023.gz: 301,181 papers, 493 arXiv (8564 p/s)

  Chunk 4 terminé: 2,106,789 papers, 3,468 arXiv (248s, 8497 p/s)
  Progression: 4/309 (1%)
  arXiv trouvés: 12,248

============================================================
  CHUNK 5/309
  7 fichiers, 2.27 GB
============================================================
  [1/7] updated_date=2025-10-10\part_0024.gz: 301,470 papers, 487 arXiv (8530 p/s)
  [2/7] updated_date=2025-10-10\part_0025.gz: 301,634 papers, 518 arXiv (8385 p/s)
  [3/7] updated_date=2025-10-10\part_0026.gz: 300,519 papers, 496 arXiv (8529 p/s)
  [4/7] updated_date=2025-10-10\part_0027.gz: 301,480 papers, 498 arXiv (8576 p/s)
  [5/7] updated_date=2025-10-10\part_0028.gz: 301,192 papers, 515 arXiv (7766 p/s)
  [6/7] updated_date=2025-10-10\part_0029.gz: 301,360 papers, 498 arXiv (7741 p/s)
  [7/7] updated_date=2025-10-10\part_0030.gz: 300,883 papers, 484 arXiv (8508 p/s)

  Chunk 5 terminé: 2,108,538 papers, 3,496 arXiv (255s, 8276 p/s)
  Progression: 5/309 (2%)
  arXiv trouvés: 15,744

============================================================
  CHUNK 6/309
  7 fichiers, 2.26 GB
============================================================
  [1/7] updated_date=2025-10-10\part_0031.gz: 300,365 papers, 452 arXiv (7280 p/s)
  [2/7] updated_date=2025-10-10\part_0032.gz: 301,634 papers, 500 arXiv (7303 p/s)
  [3/7] updated_date=2025-10-10\part_0033.gz: 300,763 papers, 522 arXiv (7397 p/s)
  [4/7] updated_date=2025-10-10\part_0034.gz: 300,163 papers, 481 arXiv (7285 p/s)
  [5/7] updated_date=2025-10-10\part_0035.gz: 301,191 papers, 518 arXiv (7227 p/s)
  [6/7] updated_date=2025-10-10\part_0036.gz: 300,887 papers, 447 arXiv (7430 p/s)
  [7/7] updated_date=2025-10-10\part_0037.gz: 300,463 papers, 502 arXiv (8530 p/s)

  Chunk 6 terminé: 2,105,466 papers, 3,422 arXiv (282s, 7471 p/s)
  Progression: 6/309 (2%)
  arXiv trouvés: 19,166

============================================================
  CHUNK 7/309
  7 fichiers, 2.26 GB
============================================================
  [1/7] updated_date=2025-10-10\part_0038.gz: 301,398 papers, 508 arXiv (8119 p/s)
  [2/7] updated_date=2025-10-10\part_0039.gz: 299,283 papers, 502 arXiv (7604 p/s)
  [3/7] updated_date=2025-10-10\part_0040.gz: 301,076 papers, 500 arXiv (7521 p/s)
  [4/7] updated_date=2025-10-10\part_0041.gz: 301,394 papers, 486 arXiv (8310 p/s)
  [5/7] updated_date=2025-10-10\part_0042.gz: 301,250 papers, 503 arXiv (8465 p/s)
  [6/7] updated_date=2025-10-10\part_0043.gz: 300,271 papers, 484 arXiv (8617 p/s)
  [7/7] updated_date=2025-10-10\part_0044.gz: 301,344 papers, 515 arXiv (8576 p/s)

  Chunk 7 terminé: 2,106,016 papers, 3,498 arXiv (258s, 8152 p/s)
  Progression: 7/309 (2%)
  arXiv trouvés: 22,664

============================================================
  CHUNK 8/309
  7 fichiers, 2.27 GB
============================================================
  [1/7] updated_date=2025-10-10\part_0045.gz: 300,896 papers, 490 arXiv (8454 p/s)
  [2/7] updated_date=2025-10-10\part_0046.gz: 301,007 papers, 489 arXiv (7411 p/s)
  [3/7] updated_date=2025-10-10\part_0047.gz: 300,745 papers, 459 arXiv (7172 p/s)
  [4/7] updated_date=2025-10-10\part_0048.gz: 301,133 papers, 481 arXiv (7127 p/s)
  [5/7] updated_date=2025-10-10\part_0049.gz: 299,546 papers, 466 arXiv (7235 p/s)
  [6/7] updated_date=2025-10-10\part_0050.gz: 300,046 papers, 509 arXiv (7193 p/s)
  [7/7] updated_date=2025-10-10\part_0051.gz: 301,901 papers, 493 arXiv (8252 p/s)

  Chunk 8 terminé: 2,105,274 papers, 3,387 arXiv (280s, 7516 p/s)
  Progression: 8/309 (3%)
  arXiv trouvés: 26,051

============================================================
  CHUNK 9/309
  7 fichiers, 2.27 GB
============================================================
  [1/7] updated_date=2025-10-10\part_0052.gz: 300,869 papers, 479 arXiv (8656 p/s)
  [2/7] updated_date=2025-10-10\part_0053.gz: 400,000 papers, 539 arXiv (7672 p/s)
  [3/7] updated_date=2025-10-10\part_0054.gz: 202,602 papers, 436 arXiv (7378 p/s)
  [4/7] updated_date=2025-10-10\part_0055.gz: 300,394 papers, 487 arXiv (7128 p/s)
  [5/7] updated_date=2025-10-10\part_0056.gz: 301,515 papers, 489 arXiv (7315 p/s)
  [6/7] updated_date=2025-10-10\part_0057.gz: 300,990 papers, 534 arXiv (7177 p/s)
  [7/7] updated_date=2025-10-10\part_0058.gz: 299,852 papers, 487 arXiv (7220 p/s)

  Chunk 9 terminé: 2,106,222 papers, 3,451 arXiv (281s, 7491 p/s)
  Progression: 9/309 (3%)
  arXiv trouvés: 29,502

============================================================
  CHUNK 10/309
  7 fichiers, 2.38 GB
============================================================
  [1/7] updated_date=2025-10-10\part_0059.gz: 300,298 papers, 470 arXiv (7119 p/s)
  [2/7] updated_date=2025-10-10\part_0060.gz: 300,084 papers, 489 arXiv (7145 p/s)
  [3/7] updated_date=2025-10-10\part_0061.gz: 300,111 papers, 479 arXiv (7331 p/s)
  [4/7] updated_date=2025-10-10\part_0062.gz: 301,037 papers, 486 arXiv (7312 p/s)
  [5/7] updated_date=2025-10-10\part_0063.gz: 301,027 papers, 508 arXiv (7325 p/s)
  [6/7] updated_date=2025-10-10\part_0064.gz: 301,003 papers, 478 arXiv (7592 p/s)
  [7/7] updated_date=2025-10-10\part_0065.gz: 400,000 papers, 746 arXiv (7304 p/s)

  Chunk 10 terminé: 2,203,560 papers, 3,656 arXiv (302s, 7301 p/s)
  Progression: 10/309 (3%)
  arXiv trouvés: 33,158

============================================================
  CHUNK 11/309
  7 fichiers, 2.16 GB
============================================================
  [1/7] updated_date=2025-10-10\part_0066.gz: 201,853 papers, 252 arXiv (7619 p/s)
  [2/7] updated_date=2025-10-10\part_0067.gz: 300,946 papers, 526 arXiv (7327 p/s)
  [3/7] updated_date=2025-10-10\part_0068.gz: 301,094 papers, 452 arXiv (7260 p/s)
  [4/7] updated_date=2025-10-10\part_0069.gz: 301,397 papers, 485 arXiv (7328 p/s)
  [5/7] updated_date=2025-10-10\part_0070.gz: 300,734 papers, 493 arXiv (7280 p/s)
  [6/7] updated_date=2025-10-10\part_0071.gz: 299,836 papers, 480 arXiv (7173 p/s)
  [7/7] updated_date=2025-10-10\part_0072.gz: 300,868 papers, 497 arXiv (7429 p/s)

  Chunk 11 terminé: 2,006,728 papers, 3,185 arXiv (274s, 7330 p/s)
  Progression: 11/309 (4%)
  arXiv trouvés: 36,343

============================================================
  CHUNK 12/309
  7 fichiers, 2.26 GB
============================================================
  [1/7] updated_date=2025-10-10\part_0073.gz: 300,906 papers, 538 arXiv (7300 p/s)
  [2/7] updated_date=2025-10-10\part_0074.gz: 300,589 papers, 494 arXiv (7348 p/s)
  [3/7] updated_date=2025-10-10\part_0075.gz: 301,597 papers, 487 arXiv (7582 p/s)
  [4/7] updated_date=2025-10-10\part_0076.gz: 300,902 papers, 476 arXiv (8138 p/s)
  [5/7] updated_date=2025-10-10\part_0077.gz: 300,196 papers, 509 arXiv (8071 p/s)
  [6/7] updated_date=2025-10-10\part_0078.gz: 300,946 papers, 529 arXiv (8020 p/s)
  [7/7] updated_date=2025-10-10\part_0079.gz: 300,988 papers, 487 arXiv (6672 p/s)

  Chunk 12 terminé: 2,106,124 papers, 3,520 arXiv (279s, 7555 p/s)
  Progression: 12/309 (4%)
  arXiv trouvés: 39,863

============================================================
  CHUNK 13/309
  7 fichiers, 2.27 GB
============================================================
  [1/7] updated_date=2025-10-10\part_0080.gz: 300,934 papers, 502 arXiv (8640 p/s)
  [2/7] updated_date=2025-10-10\part_0081.gz: 299,863 papers, 474 arXiv (8556 p/s)
  [3/7] updated_date=2025-10-10\part_0082.gz: 302,142 papers, 451 arXiv (8488 p/s)
  [4/7] updated_date=2025-10-10\part_0083.gz: 301,058 papers, 458 arXiv (8614 p/s)
  [5/7] updated_date=2025-10-10\part_0084.gz: 300,484 papers, 470 arXiv (8590 p/s)
  [6/7] updated_date=2025-10-10\part_0085.gz: 301,173 papers, 497 arXiv (8597 p/s)
  [7/7] updated_date=2025-10-10\part_0086.gz: 301,011 papers, 506 arXiv (8526 p/s)

  Chunk 13 terminé: 2,106,665 papers, 3,358 arXiv (246s, 8570 p/s)
  Progression: 13/309 (4%)
  arXiv trouvés: 43,221

============================================================
  CHUNK 14/309
  7 fichiers, 2.27 GB
============================================================
  [1/7] updated_date=2025-10-10\part_0087.gz: 300,663 papers, 452 arXiv (8589 p/s)
  [2/7] updated_date=2025-10-10\part_0088.gz: 300,454 papers, 487 arXiv (8618 p/s)
  [3/7] updated_date=2025-10-10\part_0089.gz: 300,521 papers, 489 arXiv (8658 p/s)
  [4/7] updated_date=2025-10-10\part_0090.gz: 301,072 papers, 453 arXiv (8511 p/s)
  [5/7] updated_date=2025-10-10\part_0091.gz: 300,891 papers, 500 arXiv (8602 p/s)
  [6/7] updated_date=2025-10-10\part_0092.gz: 300,158 papers, 511 arXiv (8649 p/s)
  [7/7] updated_date=2025-10-10\part_0093.gz: 300,625 papers, 525 arXiv (8484 p/s)

  Chunk 14 terminé: 2,104,384 papers, 3,417 arXiv (245s, 8585 p/s)
  Progression: 14/309 (5%)
  arXiv trouvés: 46,638

============================================================
  CHUNK 15/309
  7 fichiers, 2.27 GB
============================================================
  [1/7] updated_date=2025-10-10\part_0094.gz: 300,252 papers, 459 arXiv (8694 p/s)
  [2/7] updated_date=2025-10-10\part_0095.gz: 300,055 papers, 477 arXiv (8680 p/s)
  [3/7] updated_date=2025-10-10\part_0096.gz: 300,978 papers, 479 arXiv (8606 p/s)
  [4/7] updated_date=2025-10-10\part_0097.gz: 300,681 papers, 526 arXiv (8613 p/s)
  [5/7] updated_date=2025-10-10\part_0098.gz: 301,079 papers, 484 arXiv (8592 p/s)
  [6/7] updated_date=2025-10-10\part_0099.gz: 300,855 papers, 510 arXiv (8691 p/s)
  [7/7] updated_date=2025-10-10\part_0100.gz: 300,289 papers, 501 arXiv (8497 p/s)

  Chunk 15 terminé: 2,104,189 papers, 3,436 arXiv (244s, 8623 p/s)
  Progression: 15/309 (5%)
  arXiv trouvés: 50,074

============================================================
  CHUNK 16/309
  7 fichiers, 2.26 GB
============================================================
  [1/7] updated_date=2025-10-10\part_0101.gz: 301,076 papers, 521 arXiv (8590 p/s)
  [2/7] updated_date=2025-10-10\part_0102.gz: 300,791 papers, 492 arXiv (8565 p/s)
  [3/7] updated_date=2025-10-10\part_0103.gz: 299,816 papers, 469 arXiv (8636 p/s)
  [4/7] updated_date=2025-10-10\part_0104.gz: 299,917 papers, 470 arXiv (8663 p/s)
  [5/7] updated_date=2025-10-10\part_0105.gz: 300,959 papers, 457 arXiv (8502 p/s)
  [6/7] updated_date=2025-10-10\part_0106.gz: 299,701 papers, 466 arXiv (8605 p/s)
  [7/7] updated_date=2025-10-10\part_0107.gz: 299,645 papers, 494 arXiv (8617 p/s)

  Chunk 16 terminé: 2,101,905 papers, 3,369 arXiv (245s, 8595 p/s)
  Progression: 16/309 (5%)
  arXiv trouvés: 53,443

============================================================
  CHUNK 17/309
  7 fichiers, 2.27 GB
============================================================
  [1/7] updated_date=2025-10-10\part_0108.gz: 299,946 papers, 510 arXiv (8666 p/s)
  [2/7] updated_date=2025-10-10\part_0109.gz: 400,000 papers, 589 arXiv (8764 p/s)
  [3/7] updated_date=2025-10-10\part_0110.gz: 201,261 papers, 352 arXiv (8243 p/s)
  [4/7] updated_date=2025-10-10\part_0111.gz: 301,341 papers, 497 arXiv (8642 p/s)
  [5/7] updated_date=2025-10-10\part_0112.gz: 301,633 papers, 472 arXiv (8549 p/s)
  [6/7] updated_date=2025-10-10\part_0113.gz: 301,068 papers, 495 arXiv (8625 p/s)
  [7/7] updated_date=2025-10-10\part_0114.gz: 300,845 papers, 473 arXiv (8676 p/s)

  Chunk 17 terminé: 2,106,094 papers, 3,388 arXiv (244s, 8617 p/s)
  Progression: 17/309 (6%)
  arXiv trouvés: 56,831

============================================================
  CHUNK 18/309
  7 fichiers, 2.27 GB
============================================================
  [1/7] updated_date=2025-10-10\part_0115.gz: 301,322 papers, 450 arXiv (8671 p/s)
  [2/7] updated_date=2025-10-10\part_0116.gz: 299,585 papers, 473 arXiv (8600 p/s)
  [3/7] updated_date=2025-10-10\part_0117.gz: 300,764 papers, 507 arXiv (8585 p/s)
  [4/7] updated_date=2025-10-10\part_0118.gz: 300,513 papers, 479 arXiv (8650 p/s)
  [5/7] updated_date=2025-10-10\part_0119.gz: 400,000 papers, 751 arXiv (8413 p/s)
  [6/7] updated_date=2025-10-10\part_0120.gz: 201,055 papers, 228 arXiv (8827 p/s)
  [7/7] updated_date=2025-10-10\part_0121.gz: 300,894 papers, 470 arXiv (8589 p/s)

  Chunk 18 terminé: 2,104,133 papers, 3,358 arXiv (245s, 8596 p/s)
  Progression: 18/309 (6%)
  arXiv trouvés: 60,189

============================================================
  CHUNK 19/309
  7 fichiers, 2.26 GB
============================================================
  [1/7] updated_date=2025-10-10\part_0122.gz: 301,126 papers, 478 arXiv (8631 p/s)
  [2/7] updated_date=2025-10-10\part_0123.gz: 300,301 papers, 451 arXiv (8607 p/s)
  [3/7] updated_date=2025-10-10\part_0124.gz: 300,599 papers, 446 arXiv (8600 p/s)
  [4/7] updated_date=2025-10-10\part_0125.gz: 299,632 papers, 501 arXiv (8674 p/s)
  [5/7] updated_date=2025-10-10\part_0126.gz: 301,528 papers, 493 arXiv (8629 p/s)
  [6/7] updated_date=2025-10-10\part_0127.gz: 300,042 papers, 472 arXiv (8690 p/s)
  [7/7] updated_date=2025-10-10\part_0128.gz: 300,365 papers, 492 arXiv (8700 p/s)

  Chunk 19 terminé: 2,103,593 papers, 3,333 arXiv (243s, 8645 p/s)
  Progression: 19/309 (6%)
  arXiv trouvés: 63,522

============================================================
  CHUNK 20/309
  7 fichiers, 2.26 GB
============================================================
  [1/7] updated_date=2025-10-10\part_0129.gz: 300,389 papers, 497 arXiv (8673 p/s)
  [2/7] updated_date=2025-10-10\part_0130.gz: 301,190 papers, 503 arXiv (8695 p/s)
  [3/7] updated_date=2025-10-10\part_0131.gz: 301,498 papers, 505 arXiv (8566 p/s)
  [4/7] updated_date=2025-10-10\part_0132.gz: 301,232 papers, 497 arXiv (8679 p/s)
  [5/7] updated_date=2025-10-10\part_0133.gz: 300,582 papers, 529 arXiv (8645 p/s)
  [6/7] updated_date=2025-10-10\part_0134.gz: 300,602 papers, 512 arXiv (8568 p/s)
  [7/7] updated_date=2025-10-10\part_0135.gz: 301,445 papers, 495 arXiv (8638 p/s)

  Chunk 20 terminé: 2,106,938 papers, 3,538 arXiv (244s, 8636 p/s)
  Progression: 20/309 (6%)
  arXiv trouvés: 67,060

============================================================
  CHUNK 21/309
  7 fichiers, 2.27 GB
============================================================
  [1/7] updated_date=2025-10-10\part_0136.gz: 300,741 papers, 516 arXiv (8576 p/s)
  [2/7] updated_date=2025-10-10\part_0137.gz: 300,775 papers, 474 arXiv (8520 p/s)
  [3/7] updated_date=2025-10-10\part_0138.gz: 301,232 papers, 499 arXiv (8550 p/s)
  [4/7] updated_date=2025-10-10\part_0139.gz: 300,924 papers, 500 arXiv (8621 p/s)
  [5/7] updated_date=2025-10-10\part_0140.gz: 300,994 papers, 500 arXiv (8561 p/s)
  [6/7] updated_date=2025-10-10\part_0141.gz: 300,786 papers, 496 arXiv (8723 p/s)
  [7/7] updated_date=2025-10-10\part_0142.gz: 300,154 papers, 457 arXiv (8643 p/s)

  Chunk 21 terminé: 2,105,606 papers, 3,442 arXiv (245s, 8598 p/s)
  Progression: 21/309 (7%)
  arXiv trouvés: 70,502

============================================================
  CHUNK 22/309
  7 fichiers, 2.39 GB
============================================================
  [1/7] updated_date=2025-10-10\part_0143.gz: 301,230 papers, 511 arXiv (8669 p/s)
  [2/7] updated_date=2025-10-10\part_0144.gz: 300,989 papers, 509 arXiv (8548 p/s)
  [3/7] updated_date=2025-10-10\part_0145.gz: 400,000 papers, 505 arXiv (8568 p/s)
  [4/7] updated_date=2025-10-10\part_0146.gz: 201,865 papers, 475 arXiv (8657 p/s)
  [5/7] updated_date=2025-10-10\part_0147.gz: 300,851 papers, 506 arXiv (8550 p/s)
  [6/7] updated_date=2025-10-10\part_0148.gz: 301,447 papers, 513 arXiv (8703 p/s)
  [7/7] updated_date=2025-10-10\part_0149.gz: 400,000 papers, 668 arXiv (8526 p/s)

  Chunk 22 terminé: 2,206,382 papers, 3,687 arXiv (257s, 8594 p/s)
  Progression: 22/309 (7%)
  arXiv trouvés: 74,189

============================================================
  CHUNK 23/309
  7 fichiers, 2.16 GB
============================================================
  [1/7] updated_date=2025-10-10\part_0150.gz: 201,863 papers, 351 arXiv (8813 p/s)
  [2/7] updated_date=2025-10-10\part_0151.gz: 300,112 papers, 518 arXiv (8676 p/s)
  [3/7] updated_date=2025-10-10\part_0152.gz: 301,172 papers, 490 arXiv (8492 p/s)
  [4/7] updated_date=2025-10-10\part_0153.gz: 301,593 papers, 497 arXiv (8544 p/s)
  [5/7] updated_date=2025-10-10\part_0154.gz: 400,000 papers, 576 arXiv (8506 p/s)
  [6/7] updated_date=2025-10-10\part_0155.gz: 202,523 papers, 372 arXiv (8880 p/s)
  [7/7] updated_date=2025-10-10\part_0156.gz: 299,454 papers, 558 arXiv (8501 p/s)

  Chunk 23 terminé: 2,006,717 papers, 3,362 arXiv (233s, 8601 p/s)
  Progression: 23/309 (7%)
  arXiv trouvés: 77,551

============================================================
  CHUNK 24/309
  31 fichiers, 2.34 GB
============================================================
  [1/31] updated_date=2025-10-10\part_0157.gz: 300,868 papers, 514 arXiv (8616 p/s)
  [2/31] updated_date=2025-10-10\part_0158.gz: 300,742 papers, 535 arXiv (8555 p/s)
  [3/31] updated_date=2025-10-10\part_0159.gz: 299,785 papers, 523 arXiv (8623 p/s)
  [4/31] updated_date=2025-10-11\part_0000.gz: 70 papers, 12 arXiv (2071 p/s)
  [5/31] updated_date=2025-10-12\part_0000.gz: 102 papers, 9 arXiv (3234 p/s)
  [6/31] updated_date=2025-10-13\part_0000.gz: 477 papers, 1 arXiv (10593 p/s)
  [7/31] updated_date=2025-10-14\part_0000.gz: 171 papers, 7 arXiv (3421 p/s)
  [8/31] updated_date=2025-10-15\part_0000.gz: 101 papers, 14 arXiv (2425 p/s)
  [9/31] updated_date=2025-10-16\part_0000.gz: 222 papers, 11 arXiv (5152 p/s)
  [10/31] updated_date=2025-10-17\part_0000.gz: 1,985 papers, 5 arXiv (8041 p/s)
  [11/31] updated_date=2025-10-18\part_0000.gz: 52 papers, 13 arXiv (1448 p/s)
  [12/31] updated_date=2025-10-19\part_0000.gz: 56 papers, 18 arXiv (2856 p/s)
  [13/31] updated_date=2025-10-20\part_0000.gz: 35 papers, 5 arXiv (2225 p/s)
  [14/31] updated_date=2025-10-21\part_0000.gz: 13 papers, 9 arXiv (1431 p/s)
  [15/31] updated_date=2025-10-22\part_0000.gz: 23 papers, 11 arXiv (2155 p/s)
  [16/31] updated_date=2025-10-23\part_0000.gz: 5 papers, 0 arXiv (668 p/s)
  [17/31] updated_date=2025-10-24\part_0000.gz: 363,568 papers, 10,733 arXiv (9153 p/s)
  [18/31] updated_date=2025-10-25\part_0000.gz: 14 papers, 3 arXiv (1484 p/s)
  [19/31] updated_date=2025-10-26\part_0000.gz: 55 papers, 1 arXiv (2115 p/s)
  [20/31] updated_date=2025-10-27\part_0000.gz: 206,049 papers, 5,229 arXiv (7078 p/s)
  [21/31] updated_date=2025-10-28\part_0000.gz: 12 papers, 2 arXiv (616 p/s)
  [22/31] updated_date=2025-10-29\part_0000.gz: 8 papers, 3 arXiv (1041 p/s)
  [23/31] updated_date=2025-10-30\part_0000.gz: 66,184 papers, 1 arXiv (10300 p/s)
  [24/31] updated_date=2025-10-31\part_0000.gz: 156 papers, 0 arXiv (4674 p/s)
  [25/31] updated_date=2025-11-01\part_0000.gz: 789 papers, 6 arXiv (7020 p/s)
  [26/31] updated_date=2025-11-02\part_0000.gz: 8 papers, 1 arXiv (1028 p/s)
  [27/31] updated_date=2025-11-03\part_0000.gz: 14 papers, 0 arXiv (1573 p/s)
  [28/31] updated_date=2025-11-04\part_0000.gz: 243 papers, 0 arXiv (7350 p/s)
  [29/31] updated_date=2025-11-05\part_0000.gz: 317 papers, 6 arXiv (4334 p/s)
  [30/31] updated_date=2025-11-06\part_0000.gz: 259,658 papers, 2,732 arXiv (6798 p/s)
  [31/31] updated_date=2025-11-06\part_0001.gz: 259,044 papers, 2,657 arXiv (6804 p/s)

  Chunk 24 terminé: 2,060,826 papers, 23,061 arXiv (257s, 8006 p/s)
  Progression: 24/309 (8%)
  arXiv trouvés: 100,612

============================================================
  CHUNK 25/309
  5 fichiers, 2.38 GB
============================================================
  [1/5] updated_date=2025-11-06\part_0002.gz: 400,000 papers, 4,158 arXiv (6642 p/s)
  [2/5] updated_date=2025-11-06\part_0003.gz: 378,851 papers, 3,923 arXiv (6840 p/s)
  [3/5] updated_date=2025-11-06\part_0004.gz: 259,092 papers, 2,702 arXiv (6792 p/s)
  [4/5] updated_date=2025-11-06\part_0005.gz: 258,923 papers, 2,708 arXiv (6769 p/s)
  [5/5] updated_date=2025-11-06\part_0006.gz: 400,000 papers, 4,177 arXiv (6871 p/s)

  Chunk 25 terminé: 1,696,866 papers, 17,668 arXiv (250s, 6781 p/s)
  Progression: 25/309 (8%)
  arXiv trouvés: 118,280

============================================================
  CHUNK 26/309
  7 fichiers, 2.55 GB
============================================================
  [1/7] updated_date=2025-11-06\part_0007.gz: 119,604 papers, 1,243 arXiv (6598 p/s)
  [2/7] updated_date=2025-11-06\part_0008.gz: 258,744 papers, 2,751 arXiv (6795 p/s)
  [3/7] updated_date=2025-11-06\part_0009.gz: 400,000 papers, 4,238 arXiv (6816 p/s)
  [4/7] updated_date=2025-11-06\part_0010.gz: 119,300 papers, 1,263 arXiv (6935 p/s)
  [5/7] updated_date=2025-11-06\part_0011.gz: 259,186 papers, 2,628 arXiv (6811 p/s)
  [6/7] updated_date=2025-11-06\part_0012.gz: 258,855 papers, 2,760 arXiv (6721 p/s)
  [7/7] updated_date=2025-11-06\part_0013.gz: 400,000 papers, 4,088 arXiv (6697 p/s)

  Chunk 26 terminé: 1,815,689 papers, 18,971 arXiv (268s, 6765 p/s)
  Progression: 26/309 (8%)
  arXiv trouvés: 137,251

============================================================
  CHUNK 27/309
  7 fichiers, 2.34 GB
============================================================
  [1/7] updated_date=2025-11-06\part_0014.gz: 119,728 papers, 1,239 arXiv (6809 p/s)
  [2/7] updated_date=2025-11-06\part_0015.gz: 259,718 papers, 2,704 arXiv (6763 p/s)
  [3/7] updated_date=2025-11-06\part_0016.gz: 258,741 papers, 2,648 arXiv (6803 p/s)
  [4/7] updated_date=2025-11-06\part_0017.gz: 400,000 papers, 4,424 arXiv (6671 p/s)
  [5/7] updated_date=2025-11-06\part_0018.gz: 118,528 papers, 1,062 arXiv (6891 p/s)
  [6/7] updated_date=2025-11-06\part_0019.gz: 259,298 papers, 2,714 arXiv (6845 p/s)
  [7/7] updated_date=2025-11-06\part_0020.gz: 259,651 papers, 2,783 arXiv (6858 p/s)

  Chunk 27 terminé: 1,675,664 papers, 17,574 arXiv (247s, 6786 p/s)
  Progression: 27/309 (9%)
  arXiv trouvés: 154,825

============================================================
  CHUNK 28/309
  6 fichiers, 2.35 GB
============================================================
  [1/6] updated_date=2025-11-06\part_0021.gz: 258,751 papers, 2,669 arXiv (6802 p/s)
  [2/6] updated_date=2025-11-06\part_0022.gz: 259,422 papers, 2,685 arXiv (6826 p/s)
  [3/6] updated_date=2025-11-06\part_0023.gz: 259,563 papers, 2,703 arXiv (6813 p/s)
  [4/6] updated_date=2025-11-06\part_0024.gz: 259,170 papers, 2,637 arXiv (6822 p/s)
  [5/6] updated_date=2025-11-06\part_0025.gz: 259,431 papers, 2,764 arXiv (6805 p/s)
  [6/6] updated_date=2025-11-06\part_0026.gz: 400,000 papers, 4,247 arXiv (6789 p/s)

  Chunk 28 terminé: 1,696,337 papers, 17,705 arXiv (249s, 6808 p/s)
  Progression: 28/309 (9%)
  arXiv trouvés: 172,530

============================================================
  CHUNK 29/309
  7 fichiers, 2.32 GB
============================================================
  [1/7] updated_date=2025-11-06\part_0027.gz: 120,465 papers, 1,289 arXiv (6620 p/s)
  [2/7] updated_date=2025-11-06\part_0028.gz: 259,227 papers, 2,671 arXiv (6794 p/s)
  [3/7] updated_date=2025-11-06\part_0029.gz: 259,650 papers, 2,646 arXiv (6830 p/s)
  [4/7] updated_date=2025-11-06\part_0030.gz: 259,557 papers, 2,663 arXiv (6848 p/s)
  [5/7] updated_date=2025-11-06\part_0031.gz: 259,425 papers, 2,685 arXiv (6768 p/s)
  [6/7] updated_date=2025-11-06\part_0032.gz: 259,599 papers, 2,653 arXiv (6827 p/s)
  [7/7] updated_date=2025-11-06\part_0033.gz: 259,116 papers, 2,773 arXiv (6851 p/s)

  Chunk 29 terminé: 1,677,039 papers, 17,380 arXiv (246s, 6803 p/s)
  Progression: 29/309 (9%)
  arXiv trouvés: 189,910

============================================================
  CHUNK 30/309
  6 fichiers, 2.16 GB
============================================================
  [1/6] updated_date=2025-11-06\part_0034.gz: 259,969 papers, 2,628 arXiv (6815 p/s)
  [2/6] updated_date=2025-11-06\part_0035.gz: 260,081 papers, 2,697 arXiv (6779 p/s)
  [3/6] updated_date=2025-11-06\part_0036.gz: 259,868 papers, 2,698 arXiv (6806 p/s)
  [4/6] updated_date=2025-11-06\part_0037.gz: 259,297 papers, 2,648 arXiv (6791 p/s)
  [5/6] updated_date=2025-11-06\part_0038.gz: 259,599 papers, 2,682 arXiv (6776 p/s)
  [6/6] updated_date=2025-11-06\part_0039.gz: 259,074 papers, 2,741 arXiv (6774 p/s)

  Chunk 30 terminé: 1,557,888 papers, 16,094 arXiv (229s, 6789 p/s)
  Progression: 30/309 (10%)
  arXiv trouvés: 206,004

============================================================
  CHUNK 31/309
  6 fichiers, 2.36 GB
============================================================
  [1/6] updated_date=2025-11-06\part_0040.gz: 259,076 papers, 2,717 arXiv (6761 p/s)
  [2/6] updated_date=2025-11-06\part_0041.gz: 259,286 papers, 2,724 arXiv (6795 p/s)
  [3/6] updated_date=2025-11-06\part_0042.gz: 259,372 papers, 2,691 arXiv (6830 p/s)
  [4/6] updated_date=2025-11-06\part_0043.gz: 259,470 papers, 2,722 arXiv (5766 p/s)
  [5/6] updated_date=2025-11-06\part_0044.gz: 258,786 papers, 2,701 arXiv (4939 p/s)
  [6/6] updated_date=2025-11-06\part_0045.gz: 400,000 papers, 4,116 arXiv (4727 p/s)

  Chunk 31 terminé: 1,695,990 papers, 17,671 arXiv (297s, 5720 p/s)
  Progression: 31/309 (10%)
  arXiv trouvés: 223,675

============================================================
  CHUNK 32/309
  6 fichiers, 2.17 GB
============================================================
  [1/6] updated_date=2025-11-06\part_0046.gz: 120,882 papers, 1,324 arXiv (5844 p/s)
  [2/6] updated_date=2025-11-06\part_0047.gz: 260,070 papers, 2,735 arXiv (5776 p/s)
  [3/6] updated_date=2025-11-06\part_0048.gz: 258,967 papers, 2,660 arXiv (5839 p/s)
  [4/6] updated_date=2025-11-06\part_0049.gz: 400,000 papers, 4,094 arXiv (6044 p/s)
  [5/6] updated_date=2025-11-06\part_0050.gz: 118,136 papers, 1,318 arXiv (6948 p/s)
  [6/6] updated_date=2025-11-06\part_0051.gz: 400,000 papers, 4,250 arXiv (6319 p/s)

  Chunk 32 terminé: 1,558,055 papers, 16,381 arXiv (257s, 6073 p/s)
  Progression: 32/309 (10%)
  arXiv trouvés: 240,056

============================================================
  CHUNK 33/309
  7 fichiers, 2.32 GB
============================================================
  [1/7] updated_date=2025-11-06\part_0052.gz: 118,855 papers, 1,224 arXiv (5716 p/s)
  [2/7] updated_date=2025-11-06\part_0053.gz: 400,000 papers, 4,188 arXiv (5699 p/s)
  [3/7] updated_date=2025-11-06\part_0054.gz: 118,785 papers, 1,368 arXiv (5791 p/s)
  [4/7] updated_date=2025-11-06\part_0055.gz: 259,398 papers, 2,685 arXiv (5672 p/s)
  [5/7] updated_date=2025-11-06\part_0056.gz: 259,640 papers, 2,726 arXiv (6510 p/s)
  [6/7] updated_date=2025-11-06\part_0057.gz: 259,934 papers, 2,744 arXiv (6756 p/s)
  [7/7] updated_date=2025-11-06\part_0058.gz: 258,463 papers, 2,703 arXiv (6105 p/s)

  Chunk 33 terminé: 1,675,075 papers, 17,638 arXiv (278s, 6027 p/s)
  Progression: 33/309 (11%)
  arXiv trouvés: 257,694

============================================================
  CHUNK 34/309
  5 fichiers, 2.19 GB
============================================================
  [1/5] updated_date=2025-11-06\part_0059.gz: 258,347 papers, 2,699 arXiv (5820 p/s)
  [2/5] updated_date=2025-11-06\part_0060.gz: 260,044 papers, 2,704 arXiv (5787 p/s)
  [3/5] updated_date=2025-11-06\part_0061.gz: 400,000 papers, 4,486 arXiv (5654 p/s)
  [4/5] updated_date=2025-11-06\part_0062.gz: 400,000 papers, 4,272 arXiv (5574 p/s)
  [5/5] updated_date=2025-11-06\part_0063.gz: 237,521 papers, 2,176 arXiv (5862 p/s)

  Chunk 34 terminé: 1,555,912 papers, 16,337 arXiv (272s, 5713 p/s)
  Progression: 34/309 (11%)
  arXiv trouvés: 274,031

============================================================
  CHUNK 35/309
  6 fichiers, 2.17 GB
============================================================
  [1/6] updated_date=2025-11-06\part_0064.gz: 260,310 papers, 2,756 arXiv (5790 p/s)
  [2/6] updated_date=2025-11-06\part_0065.gz: 400,000 papers, 4,112 arXiv (5818 p/s)
  [3/6] updated_date=2025-11-06\part_0066.gz: 119,250 papers, 1,251 arXiv (5901 p/s)
  [4/6] updated_date=2025-11-06\part_0067.gz: 259,304 papers, 2,743 arXiv (5723 p/s)
  [5/6] updated_date=2025-11-06\part_0068.gz: 259,859 papers, 2,682 arXiv (5889 p/s)
  [6/6] updated_date=2025-11-06\part_0069.gz: 259,466 papers, 2,627 arXiv (5886 p/s)

  Chunk 35 terminé: 1,558,189 papers, 16,171 arXiv (268s, 5825 p/s)
  Progression: 35/309 (11%)
  arXiv trouvés: 290,202

============================================================
  CHUNK 36/309
  5 fichiers, 2.01 GB
============================================================
  [1/5] updated_date=2025-11-06\part_0070.gz: 400,000 papers, 4,164 arXiv (5763 p/s)
  [2/5] updated_date=2025-11-06\part_0071.gz: 117,903 papers, 1,238 arXiv (6135 p/s)
  [3/5] updated_date=2025-11-06\part_0072.gz: 259,531 papers, 2,668 arXiv (6632 p/s)
  [4/5] updated_date=2025-11-06\part_0073.gz: 259,289 papers, 2,681 arXiv (6045 p/s)
  [5/5] updated_date=2025-11-06\part_0074.gz: 400,000 papers, 4,108 arXiv (6251 p/s)

  Chunk 36 terminé: 1,436,723 papers, 14,859 arXiv (235s, 6121 p/s)
  Progression: 36/309 (12%)
  arXiv trouvés: 305,061

============================================================
  CHUNK 37/309
  6 fichiers, 2.53 GB
============================================================
  [1/6] updated_date=2025-11-06\part_0075.gz: 378,040 papers, 4,010 arXiv (5807 p/s)
  [2/6] updated_date=2025-11-06\part_0076.gz: 259,640 papers, 2,763 arXiv (5868 p/s)
  [3/6] updated_date=2025-11-06\part_0077.gz: 258,512 papers, 2,661 arXiv (5748 p/s)
  [4/6] updated_date=2025-11-06\part_0078.gz: 259,631 papers, 2,770 arXiv (5823 p/s)
  [5/6] updated_date=2025-11-06\part_0079.gz: 259,219 papers, 2,690 arXiv (5803 p/s)
  [6/6] updated_date=2025-11-06\part_0080.gz: 400,000 papers, 4,227 arXiv (5707 p/s)

  Chunk 37 terminé: 1,815,042 papers, 19,121 arXiv (314s, 5786 p/s)
  Progression: 37/309 (12%)
  arXiv trouvés: 324,182

============================================================
  CHUNK 38/309
  6 fichiers, 2.34 GB
============================================================
  [1/6] updated_date=2025-11-06\part_0081.gz: 378,766 papers, 3,899 arXiv (5724 p/s)
  [2/6] updated_date=2025-11-06\part_0082.gz: 400,000 papers, 4,133 arXiv (6218 p/s)
  [3/6] updated_date=2025-11-06\part_0083.gz: 119,631 papers, 1,362 arXiv (6632 p/s)
  [4/6] updated_date=2025-11-06\part_0084.gz: 259,588 papers, 2,769 arXiv (6192 p/s)
  [5/6] updated_date=2025-11-06\part_0085.gz: 260,290 papers, 2,768 arXiv (5782 p/s)
  [6/6] updated_date=2025-11-06\part_0086.gz: 259,674 papers, 2,711 arXiv (5775 p/s)

  Chunk 38 terminé: 1,677,949 papers, 17,642 arXiv (281s, 5982 p/s)
  Progression: 38/309 (12%)
  arXiv trouvés: 341,824

============================================================
  CHUNK 39/309
  6 fichiers, 2.17 GB
============================================================
  [1/6] updated_date=2025-11-06\part_0087.gz: 258,768 papers, 2,725 arXiv (5627 p/s)
  [2/6] updated_date=2025-11-06\part_0088.gz: 259,079 papers, 2,725 arXiv (5756 p/s)
  [3/6] updated_date=2025-11-06\part_0089.gz: 258,896 papers, 2,668 arXiv (5686 p/s)
  [4/6] updated_date=2025-11-06\part_0090.gz: 400,000 papers, 3,899 arXiv (5720 p/s)
  [5/6] updated_date=2025-11-06\part_0091.gz: 118,039 papers, 1,323 arXiv (5802 p/s)
  [6/6] updated_date=2025-11-06\part_0092.gz: 259,780 papers, 2,811 arXiv (5787 p/s)

  Chunk 39 terminé: 1,554,562 papers, 16,151 arXiv (272s, 5721 p/s)
  Progression: 39/309 (13%)
  arXiv trouvés: 357,975

============================================================
  CHUNK 40/309
  6 fichiers, 2.16 GB
============================================================
  [1/6] updated_date=2025-11-06\part_0093.gz: 400,000 papers, 4,269 arXiv (5809 p/s)
  [2/6] updated_date=2025-11-06\part_0094.gz: 118,950 papers, 1,200 arXiv (5697 p/s)
  [3/6] updated_date=2025-11-06\part_0095.gz: 259,820 papers, 2,710 arXiv (5828 p/s)
  [4/6] updated_date=2025-11-06\part_0096.gz: 259,286 papers, 2,689 arXiv (5731 p/s)
  [5/6] updated_date=2025-11-06\part_0097.gz: 400,000 papers, 4,103 arXiv (5891 p/s)
  [6/6] updated_date=2025-11-06\part_0098.gz: 120,014 papers, 1,296 arXiv (5650 p/s)

  Chunk 40 terminé: 1,558,070 papers, 16,267 arXiv (269s, 5798 p/s)
  Progression: 40/309 (13%)
  arXiv trouvés: 374,242

============================================================
  CHUNK 41/309
  6 fichiers, 2.16 GB
============================================================
  [1/6] updated_date=2025-11-06\part_0099.gz: 400,000 papers, 4,066 arXiv (5840 p/s)
  [2/6] updated_date=2025-11-06\part_0100.gz: 118,770 papers, 1,361 arXiv (5706 p/s)
  [3/6] updated_date=2025-11-06\part_0101.gz: 259,456 papers, 2,705 arXiv (5745 p/s)
  [4/6] updated_date=2025-11-06\part_0102.gz: 400,000 papers, 4,135 arXiv (5812 p/s)
  [5/6] updated_date=2025-11-06\part_0103.gz: 117,390 papers, 1,385 arXiv (5661 p/s)
  [6/6] updated_date=2025-11-06\part_0104.gz: 259,342 papers, 2,781 arXiv (5824 p/s)

  Chunk 41 terminé: 1,554,958 papers, 16,433 arXiv (269s, 5789 p/s)
  Progression: 41/309 (13%)
  arXiv trouvés: 390,675

============================================================
  CHUNK 42/309
  6 fichiers, 2.16 GB
============================================================
  [1/6] updated_date=2025-11-06\part_0105.gz: 258,797 papers, 2,703 arXiv (5367 p/s)
  [2/6] updated_date=2025-11-06\part_0106.gz: 400,000 papers, 4,389 arXiv (5342 p/s)
  [3/6] updated_date=2025-11-06\part_0107.gz: 118,758 papers, 1,075 arXiv (5538 p/s)
  [4/6] updated_date=2025-11-06\part_0108.gz: 259,192 papers, 2,741 arXiv (5431 p/s)
  [5/6] updated_date=2025-11-06\part_0109.gz: 259,399 papers, 2,677 arXiv (5923 p/s)
  [6/6] updated_date=2025-11-06\part_0110.gz: 259,297 papers, 2,675 arXiv (5544 p/s)

  Chunk 42 terminé: 1,555,443 papers, 16,260 arXiv (283s, 5499 p/s)
  Progression: 42/309 (14%)
  arXiv trouvés: 406,935

============================================================
  CHUNK 43/309
  6 fichiers, 2.17 GB
============================================================
  [1/6] updated_date=2025-11-06\part_0111.gz: 400,000 papers, 4,324 arXiv (5531 p/s)
  [2/6] updated_date=2025-11-06\part_0112.gz: 118,165 papers, 1,118 arXiv (5349 p/s)
  [3/6] updated_date=2025-11-06\part_0113.gz: 259,709 papers, 2,683 arXiv (5598 p/s)
  [4/6] updated_date=2025-11-06\part_0114.gz: 259,498 papers, 2,729 arXiv (5710 p/s)
  [5/6] updated_date=2025-11-06\part_0115.gz: 259,804 papers, 2,694 arXiv (5626 p/s)
  [6/6] updated_date=2025-11-06\part_0116.gz: 259,629 papers, 2,673 arXiv (5733 p/s)

  Chunk 43 terminé: 1,556,805 papers, 16,221 arXiv (278s, 5606 p/s)
  Progression: 43/309 (14%)
  arXiv trouvés: 423,156

============================================================
  CHUNK 44/309
  5 fichiers, 2.19 GB
============================================================
  [1/5] updated_date=2025-11-06\part_0117.gz: 258,994 papers, 2,756 arXiv (5631 p/s)
  [2/5] updated_date=2025-11-06\part_0118.gz: 400,000 papers, 4,306 arXiv (5503 p/s)
  [3/5] updated_date=2025-11-06\part_0119.gz: 400,000 papers, 3,985 arXiv (5584 p/s)
  [4/5] updated_date=2025-11-06\part_0120.gz: 238,306 papers, 2,543 arXiv (5658 p/s)
  [5/5] updated_date=2025-11-06\part_0121.gz: 260,614 papers, 2,679 arXiv (5537 p/s)

  Chunk 44 terminé: 1,557,914 papers, 16,269 arXiv (279s, 5574 p/s)
  Progression: 44/309 (14%)
  arXiv trouvés: 439,425

============================================================
  CHUNK 45/309
  6 fichiers, 2.18 GB
============================================================
  [1/6] updated_date=2025-11-06\part_0122.gz: 400,000 papers, 4,320 arXiv (5576 p/s)
  [2/6] updated_date=2025-11-06\part_0123.gz: 118,159 papers, 1,142 arXiv (5661 p/s)
  [3/6] updated_date=2025-11-06\part_0124.gz: 259,492 papers, 2,735 arXiv (5678 p/s)
  [4/6] updated_date=2025-11-06\part_0125.gz: 259,656 papers, 2,701 arXiv (5631 p/s)
  [5/6] updated_date=2025-11-06\part_0126.gz: 259,586 papers, 2,748 arXiv (5686 p/s)
  [6/6] updated_date=2025-11-06\part_0127.gz: 260,150 papers, 2,749 arXiv (5676 p/s)

  Chunk 45 terminé: 1,557,043 papers, 16,395 arXiv (276s, 5643 p/s)
  Progression: 45/309 (15%)
  arXiv trouvés: 455,820

============================================================
  CHUNK 46/309
  6 fichiers, 2.19 GB
============================================================
  [1/6] updated_date=2025-11-06\part_0128.gz: 400,000 papers, 4,060 arXiv (5570 p/s)
  [2/6] updated_date=2025-11-06\part_0129.gz: 117,541 papers, 1,303 arXiv (5754 p/s)
  [3/6] updated_date=2025-11-06\part_0130.gz: 259,039 papers, 2,664 arXiv (5602 p/s)
  [4/6] updated_date=2025-11-06\part_0131.gz: 258,697 papers, 2,701 arXiv (5547 p/s)
  [5/6] updated_date=2025-11-06\part_0132.gz: 259,751 papers, 2,698 arXiv (5539 p/s)
  [6/6] updated_date=2025-11-06\part_0133.gz: 259,253 papers, 2,750 arXiv (5625 p/s)

  Chunk 46 terminé: 1,554,281 papers, 16,176 arXiv (278s, 5589 p/s)
  Progression: 46/309 (15%)
  arXiv trouvés: 471,996

============================================================
  CHUNK 47/309
  5 fichiers, 2.19 GB
============================================================
  [1/5] updated_date=2025-11-06\part_0134.gz: 260,138 papers, 2,728 arXiv (5693 p/s)
  [2/5] updated_date=2025-11-06\part_0135.gz: 258,831 papers, 2,730 arXiv (5601 p/s)
  [3/5] updated_date=2025-11-06\part_0136.gz: 400,000 papers, 4,111 arXiv (5629 p/s)
  [4/5] updated_date=2025-11-06\part_0137.gz: 400,000 papers, 4,362 arXiv (5586 p/s)
  [5/5] updated_date=2025-11-06\part_0138.gz: 235,654 papers, 2,458 arXiv (5804 p/s)

  Chunk 47 terminé: 1,554,623 papers, 16,389 arXiv (275s, 5649 p/s)
  Progression: 47/309 (15%)
  arXiv trouvés: 488,385

============================================================
  CHUNK 48/309
  6 fichiers, 2.16 GB
============================================================
  [1/6] updated_date=2025-11-06\part_0139.gz: 259,078 papers, 2,706 arXiv (5680 p/s)
  [2/6] updated_date=2025-11-06\part_0140.gz: 258,753 papers, 2,592 arXiv (5650 p/s)
  [3/6] updated_date=2025-11-06\part_0141.gz: 260,297 papers, 2,692 arXiv (5807 p/s)
  [4/6] updated_date=2025-11-06\part_0142.gz: 259,225 papers, 2,720 arXiv (5680 p/s)
  [5/6] updated_date=2025-11-06\part_0143.gz: 400,000 papers, 4,171 arXiv (5651 p/s)
  [6/6] updated_date=2025-11-06\part_0144.gz: 119,711 papers, 1,200 arXiv (5552 p/s)

  Chunk 48 terminé: 1,557,064 papers, 16,081 arXiv (274s, 5678 p/s)
  Progression: 48/309 (16%)
  arXiv trouvés: 504,466

============================================================
  CHUNK 49/309
  6 fichiers, 2.16 GB
============================================================
  [1/6] updated_date=2025-11-06\part_0145.gz: 258,943 papers, 2,637 arXiv (5753 p/s)
  [2/6] updated_date=2025-11-06\part_0146.gz: 400,000 papers, 4,208 arXiv (5591 p/s)
  [3/6] updated_date=2025-11-06\part_0147.gz: 118,261 papers, 1,160 arXiv (5779 p/s)
  [4/6] updated_date=2025-11-06\part_0148.gz: 400,000 papers, 4,401 arXiv (5643 p/s)
  [5/6] updated_date=2025-11-06\part_0149.gz: 118,465 papers, 1,193 arXiv (5686 p/s)
  [6/6] updated_date=2025-11-06\part_0150.gz: 259,027 papers, 2,677 arXiv (5671 p/s)

  Chunk 49 terminé: 1,554,696 papers, 16,276 arXiv (274s, 5665 p/s)
  Progression: 49/309 (16%)
  arXiv trouvés: 520,742

============================================================
  CHUNK 50/309
  6 fichiers, 2.37 GB
============================================================
  [1/6] updated_date=2025-11-06\part_0151.gz: 400,000 papers, 4,307 arXiv (5605 p/s)
  [2/6] updated_date=2025-11-06\part_0152.gz: 119,460 papers, 1,160 arXiv (5642 p/s)
  [3/6] updated_date=2025-11-06\part_0153.gz: 259,255 papers, 2,601 arXiv (6611 p/s)
  [4/6] updated_date=2025-11-06\part_0154.gz: 400,000 papers, 4,177 arXiv (6653 p/s)
  [5/6] updated_date=2025-11-06\part_0155.gz: 119,835 papers, 1,272 arXiv (6676 p/s)
  [6/6] updated_date=2025-11-06\part_0156.gz: 400,000 papers, 4,355 arXiv (6642 p/s)

  Chunk 50 terminé: 1,698,550 papers, 17,872 arXiv (270s, 6290 p/s)
  Progression: 50/309 (16%)
  arXiv trouvés: 538,614

============================================================
  CHUNK 51/309
  7 fichiers, 2.33 GB
============================================================
  [1/7] updated_date=2025-11-06\part_0157.gz: 118,290 papers, 1,225 arXiv (6623 p/s)
  [2/7] updated_date=2025-11-06\part_0158.gz: 258,922 papers, 2,727 arXiv (6685 p/s)
  [3/7] updated_date=2025-11-06\part_0159.gz: 260,459 papers, 2,753 arXiv (6663 p/s)
  [4/7] updated_date=2025-11-06\part_0160.gz: 259,942 papers, 2,702 arXiv (6730 p/s)
  [5/7] updated_date=2025-11-06\part_0161.gz: 400,000 papers, 4,182 arXiv (6773 p/s)
  [6/7] updated_date=2025-11-06\part_0162.gz: 118,765 papers, 1,296 arXiv (6746 p/s)
  [7/7] updated_date=2025-11-06\part_0163.gz: 259,301 papers, 2,676 arXiv (6731 p/s)

  Chunk 51 terminé: 1,675,679 papers, 17,561 arXiv (249s, 6717 p/s)
  Progression: 51/309 (17%)
  arXiv trouvés: 556,175

============================================================
  CHUNK 52/309
  5 fichiers, 2.39 GB
============================================================
  [1/5] updated_date=2025-11-06\part_0164.gz: 400,000 papers, 4,159 arXiv (5876 p/s)
  [2/5] updated_date=2025-11-06\part_0165.gz: 117,872 papers, 1,205 arXiv (5704 p/s)
  [3/5] updated_date=2025-11-06\part_0166.gz: 400,000 papers, 4,095 arXiv (5779 p/s)
  [4/5] updated_date=2025-11-06\part_0167.gz: 377,553 papers, 4,017 arXiv (5734 p/s)
  [5/5] updated_date=2025-11-06\part_0168.gz: 400,000 papers, 3,990 arXiv (5792 p/s)

  Chunk 52 terminé: 1,695,425 papers, 17,466 arXiv (293s, 5789 p/s)
  Progression: 52/309 (17%)
  arXiv trouvés: 573,641

============================================================
  CHUNK 53/309
  7 fichiers, 2.54 GB
============================================================
  [1/7] updated_date=2025-11-06\part_0169.gz: 118,947 papers, 1,392 arXiv (5749 p/s)
  [2/7] updated_date=2025-11-06\part_0170.gz: 400,000 papers, 4,104 arXiv (5615 p/s)
  [3/7] updated_date=2025-11-06\part_0171.gz: 119,287 papers, 1,403 arXiv (5830 p/s)
  [4/7] updated_date=2025-11-06\part_0172.gz: 259,476 papers, 2,664 arXiv (5820 p/s)
  [5/7] updated_date=2025-11-06\part_0173.gz: 260,085 papers, 2,710 arXiv (5456 p/s)
  [6/7] updated_date=2025-11-06\part_0174.gz: 259,384 papers, 2,711 arXiv (5738 p/s)
  [7/7] updated_date=2025-11-06\part_0175.gz: 400,000 papers, 4,247 arXiv (5766 p/s)

  Chunk 53 terminé: 1,817,179 papers, 19,231 arXiv (319s, 5693 p/s)
  Progression: 53/309 (17%)
  arXiv trouvés: 592,872

============================================================
  CHUNK 54/309
  7 fichiers, 2.32 GB
============================================================
  [1/7] updated_date=2025-11-06\part_0176.gz: 118,997 papers, 1,116 arXiv (5940 p/s)
  [2/7] updated_date=2025-11-06\part_0177.gz: 259,390 papers, 2,716 arXiv (5771 p/s)
  [3/7] updated_date=2025-11-06\part_0178.gz: 259,053 papers, 2,736 arXiv (5622 p/s)
  [4/7] updated_date=2025-11-06\part_0179.gz: 259,597 papers, 2,774 arXiv (5748 p/s)
  [5/7] updated_date=2025-11-06\part_0180.gz: 259,298 papers, 2,707 arXiv (5505 p/s)
  [6/7] updated_date=2025-11-06\part_0181.gz: 259,136 papers, 2,648 arXiv (5482 p/s)
  [7/7] updated_date=2025-11-06\part_0182.gz: 259,686 papers, 2,705 arXiv (5202 p/s)

  Chunk 54 terminé: 1,675,157 papers, 17,402 arXiv (301s, 5574 p/s)
  Progression: 54/309 (17%)
  arXiv trouvés: 610,274

============================================================
  CHUNK 55/309
  5 fichiers, 2.20 GB
============================================================
  [1/5] updated_date=2025-11-06\part_0183.gz: 260,182 papers, 2,697 arXiv (5167 p/s)
  [2/5] updated_date=2025-11-06\part_0184.gz: 400,000 papers, 4,758 arXiv (5529 p/s)
  [3/5] updated_date=2025-11-06\part_0185.gz: 400,000 papers, 3,820 arXiv (5324 p/s)
  [4/5] updated_date=2025-11-06\part_0186.gz: 237,866 papers, 2,356 arXiv (5868 p/s)
  [5/5] updated_date=2025-11-06\part_0187.gz: 260,537 papers, 2,790 arXiv (6011 p/s)

  Chunk 55 terminé: 1,558,585 papers, 16,421 arXiv (282s, 5533 p/s)
  Progression: 55/309 (18%)
  arXiv trouvés: 626,695

============================================================
  CHUNK 56/309
  5 fichiers, 2.19 GB
============================================================
  [1/5] updated_date=2025-11-06\part_0188.gz: 259,738 papers, 2,671 arXiv (6038 p/s)
  [2/5] updated_date=2025-11-06\part_0189.gz: 400,000 papers, 3,784 arXiv (5725 p/s)
  [3/5] updated_date=2025-11-06\part_0190.gz: 400,000 papers, 4,551 arXiv (5717 p/s)
  [4/5] updated_date=2025-11-06\part_0191.gz: 236,798 papers, 2,471 arXiv (5826 p/s)
  [5/5] updated_date=2025-11-06\part_0192.gz: 259,526 papers, 2,720 arXiv (5888 p/s)

  Chunk 56 terminé: 1,556,062 papers, 16,197 arXiv (268s, 5815 p/s)
  Progression: 56/309 (18%)
  arXiv trouvés: 642,892

============================================================
  CHUNK 57/309
  5 fichiers, 2.19 GB
============================================================
  [1/5] updated_date=2025-11-06\part_0193.gz: 259,734 papers, 2,812 arXiv (5852 p/s)
  [2/5] updated_date=2025-11-06\part_0194.gz: 400,000 papers, 4,221 arXiv (5543 p/s)
  [3/5] updated_date=2025-11-06\part_0195.gz: 118,931 papers, 1,229 arXiv (5738 p/s)
  [4/5] updated_date=2025-11-06\part_0196.gz: 400,000 papers, 3,991 arXiv (5271 p/s)
  [5/5] updated_date=2025-11-06\part_0197.gz: 378,158 papers, 4,115 arXiv (4822 p/s)

  Chunk 57 terminé: 1,556,823 papers, 16,368 arXiv (292s, 5339 p/s)
  Progression: 57/309 (18%)
  arXiv trouvés: 659,260

============================================================
  CHUNK 58/309
  5 fichiers, 2.01 GB
============================================================
  [1/5] updated_date=2025-11-06\part_0198.gz: 259,636 papers, 2,666 arXiv (5316 p/s)
  [2/5] updated_date=2025-11-06\part_0199.gz: 260,137 papers, 2,658 arXiv (5499 p/s)
  [3/5] updated_date=2025-11-06\part_0200.gz: 259,355 papers, 2,657 arXiv (5348 p/s)
  [4/5] updated_date=2025-11-06\part_0201.gz: 259,238 papers, 2,907 arXiv (6138 p/s)
  [5/5] updated_date=2025-11-06\part_0202.gz: 400,000 papers, 4,343 arXiv (5834 p/s)

  Chunk 58 terminé: 1,438,366 papers, 15,231 arXiv (256s, 5628 p/s)
  Progression: 58/309 (19%)
  arXiv trouvés: 674,491

============================================================
  CHUNK 59/309
  7 fichiers, 2.52 GB
============================================================
  [1/7] updated_date=2025-11-06\part_0203.gz: 117,841 papers, 1,243 arXiv (5715 p/s)
  [2/7] updated_date=2025-11-06\part_0204.gz: 259,889 papers, 2,672 arXiv (5888 p/s)
  [3/7] updated_date=2025-11-06\part_0205.gz: 258,391 papers, 2,649 arXiv (6572 p/s)
  [4/7] updated_date=2025-11-06\part_0206.gz: 400,000 papers, 4,280 arXiv (6135 p/s)
  [5/7] updated_date=2025-11-06\part_0207.gz: 118,599 papers, 1,227 arXiv (5581 p/s)
  [6/7] updated_date=2025-11-06\part_0208.gz: 260,318 papers, 2,623 arXiv (5879 p/s)
  [7/7] updated_date=2025-11-06\part_0209.gz: 400,000 papers, 4,238 arXiv (5909 p/s)

  Chunk 59 terminé: 1,815,038 papers, 18,932 arXiv (303s, 6000 p/s)
  Progression: 59/309 (19%)
  arXiv trouvés: 693,423

============================================================
  CHUNK 60/309
  6 fichiers, 2.55 GB
============================================================
  [1/6] updated_date=2025-11-06\part_0210.gz: 400,000 papers, 4,193 arXiv (5841 p/s)
  [2/6] updated_date=2025-11-06\part_0211.gz: 239,030 papers, 2,537 arXiv (5659 p/s)
  [3/6] updated_date=2025-11-06\part_0212.gz: 400,000 papers, 4,029 arXiv (6017 p/s)
  [4/6] updated_date=2025-11-06\part_0213.gz: 119,973 papers, 1,356 arXiv (5806 p/s)
  [5/6] updated_date=2025-11-06\part_0214.gz: 258,856 papers, 2,633 arXiv (5855 p/s)
  [6/6] updated_date=2025-11-06\part_0215.gz: 400,000 papers, 4,200 arXiv (5822 p/s)

  Chunk 60 terminé: 1,817,859 papers, 18,948 arXiv (311s, 5848 p/s)
  Progression: 60/309 (19%)
  arXiv trouvés: 712,371

============================================================
  CHUNK 61/309
  7 fichiers, 2.33 GB
============================================================
  [1/7] updated_date=2025-11-06\part_0216.gz: 118,346 papers, 1,196 arXiv (5716 p/s)
  [2/7] updated_date=2025-11-06\part_0217.gz: 259,177 papers, 2,676 arXiv (5848 p/s)
  [3/7] updated_date=2025-11-06\part_0218.gz: 400,000 papers, 4,063 arXiv (5676 p/s)
  [4/7] updated_date=2025-11-06\part_0219.gz: 118,625 papers, 1,336 arXiv (5989 p/s)
  [5/7] updated_date=2025-11-06\part_0220.gz: 259,363 papers, 2,742 arXiv (5823 p/s)
  [6/7] updated_date=2025-11-06\part_0221.gz: 260,093 papers, 2,713 arXiv (5781 p/s)
  [7/7] updated_date=2025-11-06\part_0222.gz: 259,632 papers, 2,714 arXiv (5722 p/s)

  Chunk 61 terminé: 1,675,236 papers, 17,440 arXiv (290s, 5772 p/s)
  Progression: 61/309 (20%)
  arXiv trouvés: 729,811

============================================================
  CHUNK 62/309
  6 fichiers, 2.18 GB
============================================================
  [1/6] updated_date=2025-11-06\part_0223.gz: 259,764 papers, 2,655 arXiv (5863 p/s)
  [2/6] updated_date=2025-11-06\part_0224.gz: 259,562 papers, 2,798 arXiv (5767 p/s)
  [3/6] updated_date=2025-11-06\part_0225.gz: 259,726 papers, 2,707 arXiv (5797 p/s)
  [4/6] updated_date=2025-11-06\part_0226.gz: 258,953 papers, 2,703 arXiv (5714 p/s)
  [5/6] updated_date=2025-11-06\part_0227.gz: 258,654 papers, 2,790 arXiv (5585 p/s)
  [6/6] updated_date=2025-11-06\part_0228.gz: 259,405 papers, 2,666 arXiv (5812 p/s)

  Chunk 62 terminé: 1,556,064 papers, 16,319 arXiv (270s, 5753 p/s)
  Progression: 62/309 (20%)
  arXiv trouvés: 746,130

============================================================
  CHUNK 63/309
  6 fichiers, 2.16 GB
============================================================
  [1/6] updated_date=2025-11-06\part_0229.gz: 259,762 papers, 2,617 arXiv (5801 p/s)
  [2/6] updated_date=2025-11-06\part_0230.gz: 259,891 papers, 2,762 arXiv (5755 p/s)
  [3/6] updated_date=2025-11-06\part_0231.gz: 259,182 papers, 2,700 arXiv (5739 p/s)
  [4/6] updated_date=2025-11-06\part_0232.gz: 259,590 papers, 2,687 arXiv (5782 p/s)
  [5/6] updated_date=2025-11-06\part_0233.gz: 259,823 papers, 2,668 arXiv (5737 p/s)
  [6/6] updated_date=2025-11-06\part_0234.gz: 258,443 papers, 2,779 arXiv (5782 p/s)

  Chunk 63 terminé: 1,556,691 papers, 16,213 arXiv (270s, 5766 p/s)
  Progression: 63/309 (20%)
  arXiv trouvés: 762,343

============================================================
  CHUNK 64/309
  6 fichiers, 2.16 GB
============================================================
  [1/6] updated_date=2025-11-06\part_0235.gz: 259,164 papers, 2,645 arXiv (5773 p/s)
  [2/6] updated_date=2025-11-06\part_0236.gz: 400,000 papers, 4,200 arXiv (5874 p/s)
  [3/6] updated_date=2025-11-06\part_0237.gz: 119,594 papers, 1,267 arXiv (5689 p/s)
  [4/6] updated_date=2025-11-06\part_0238.gz: 259,523 papers, 2,689 arXiv (5701 p/s)
  [5/6] updated_date=2025-11-06\part_0239.gz: 260,126 papers, 2,734 arXiv (5825 p/s)
  [6/6] updated_date=2025-11-06\part_0240.gz: 260,642 papers, 2,678 arXiv (5726 p/s)

  Chunk 64 terminé: 1,559,049 papers, 16,213 arXiv (270s, 5780 p/s)
  Progression: 64/309 (21%)
  arXiv trouvés: 778,556

============================================================
  CHUNK 65/309
  5 fichiers, 2.01 GB
============================================================
  [1/5] updated_date=2025-11-06\part_0241.gz: 259,389 papers, 2,724 arXiv (5704 p/s)
  [2/5] updated_date=2025-11-06\part_0242.gz: 260,032 papers, 2,651 arXiv (6096 p/s)
  [3/5] updated_date=2025-11-06\part_0243.gz: 258,443 papers, 2,679 arXiv (5762 p/s)
  [4/5] updated_date=2025-11-06\part_0244.gz: 259,844 papers, 2,708 arXiv (5835 p/s)
  [5/5] updated_date=2025-11-06\part_0245.gz: 400,000 papers, 3,825 arXiv (6136 p/s)

  Chunk 65 terminé: 1,437,708 papers, 14,587 arXiv (243s, 5923 p/s)
  Progression: 65/309 (21%)
  arXiv trouvés: 793,143

============================================================
  CHUNK 66/309
  4 fichiers, 2.00 GB
============================================================
  [1/4] updated_date=2025-11-06\part_0246.gz: 377,477 papers, 4,222 arXiv (6305 p/s)
  [2/4] updated_date=2025-11-06\part_0247.gz: 259,474 papers, 2,710 arXiv (6536 p/s)
  [3/4] updated_date=2025-11-06\part_0248.gz: 400,000 papers, 4,272 arXiv (6551 p/s)
  [4/4] updated_date=2025-11-06\part_0249.gz: 378,045 papers, 3,922 arXiv (6513 p/s)

  Chunk 66 terminé: 1,414,996 papers, 15,126 arXiv (219s, 6470 p/s)
  Progression: 66/309 (21%)
  arXiv trouvés: 808,269

============================================================
  CHUNK 67/309
  6 fichiers, 2.16 GB
============================================================
  [1/6] updated_date=2025-11-06\part_0250.gz: 259,288 papers, 2,752 arXiv (6592 p/s)
  [2/6] updated_date=2025-11-06\part_0251.gz: 258,648 papers, 2,679 arXiv (6660 p/s)
  [3/6] updated_date=2025-11-06\part_0252.gz: 400,000 papers, 4,149 arXiv (6656 p/s)
  [4/6] updated_date=2025-11-06\part_0253.gz: 119,284 papers, 1,250 arXiv (6582 p/s)
  [5/6] updated_date=2025-11-06\part_0254.gz: 259,418 papers, 2,574 arXiv (6705 p/s)
  [6/6] updated_date=2025-11-06\part_0255.gz: 259,955 papers, 2,671 arXiv (5919 p/s)

  Chunk 67 terminé: 1,556,593 papers, 16,075 arXiv (239s, 6512 p/s)
  Progression: 67/309 (22%)
  arXiv trouvés: 824,344

============================================================
  CHUNK 68/309
  5 fichiers, 2.39 GB
============================================================
  [1/5] updated_date=2025-11-06\part_0256.gz: 258,947 papers, 2,672 arXiv (6594 p/s)
  [2/5] updated_date=2025-11-06\part_0257.gz: 400,000 papers, 3,893 arXiv (6607 p/s)
  [3/5] updated_date=2025-11-06\part_0258.gz: 400,000 papers, 4,323 arXiv (6825 p/s)
  [4/5] updated_date=2025-11-06\part_0259.gz: 236,438 papers, 2,533 arXiv (6591 p/s)
  [5/5] updated_date=2025-11-06\part_0260.gz: 400,000 papers, 4,278 arXiv (6688 p/s)

  Chunk 68 terminé: 1,695,385 papers, 17,699 arXiv (254s, 6671 p/s)
  Progression: 68/309 (22%)
  arXiv trouvés: 842,043

============================================================
  CHUNK 69/309
  6 fichiers, 2.35 GB
============================================================
  [1/6] updated_date=2025-11-06\part_0261.gz: 117,789 papers, 1,288 arXiv (6721 p/s)
  [2/6] updated_date=2025-11-06\part_0262.gz: 259,298 papers, 2,733 arXiv (5999 p/s)
  [3/6] updated_date=2025-11-06\part_0263.gz: 400,000 papers, 4,234 arXiv (6073 p/s)
  [4/6] updated_date=2025-11-06\part_0264.gz: 378,705 papers, 4,040 arXiv (6647 p/s)
  [5/6] updated_date=2025-11-06\part_0265.gz: 259,735 papers, 2,579 arXiv (6722 p/s)
  [6/6] updated_date=2025-11-06\part_0266.gz: 259,712 papers, 2,747 arXiv (6721 p/s)

  Chunk 69 terminé: 1,675,239 papers, 17,621 arXiv (261s, 6420 p/s)
  Progression: 69/309 (22%)
  arXiv trouvés: 859,664

============================================================
  CHUNK 70/309
  6 fichiers, 2.36 GB
============================================================
  [1/6] updated_date=2025-11-06\part_0267.gz: 259,938 papers, 2,663 arXiv (6775 p/s)
  [2/6] updated_date=2025-11-06\part_0268.gz: 259,977 papers, 2,705 arXiv (6691 p/s)
  [3/6] updated_date=2025-11-06\part_0269.gz: 400,000 papers, 4,316 arXiv (6718 p/s)
  [4/6] updated_date=2025-11-06\part_0270.gz: 120,231 papers, 1,193 arXiv (6371 p/s)
  [5/6] updated_date=2025-11-06\part_0271.gz: 259,493 papers, 2,733 arXiv (6607 p/s)
  [6/6] updated_date=2025-11-06\part_0272.gz: 400,000 papers, 4,283 arXiv (6410 p/s)

  Chunk 70 terminé: 1,699,639 papers, 17,893 arXiv (257s, 6605 p/s)
  Progression: 70/309 (23%)
  arXiv trouvés: 877,557

============================================================
  CHUNK 71/309
  7 fichiers, 2.55 GB
============================================================
  [1/7] updated_date=2025-11-06\part_0273.gz: 119,017 papers, 1,216 arXiv (6519 p/s)
  [2/7] updated_date=2025-11-06\part_0274.gz: 259,381 papers, 2,766 arXiv (6637 p/s)
  [3/7] updated_date=2025-11-06\part_0275.gz: 259,274 papers, 2,806 arXiv (6662 p/s)
  [4/7] updated_date=2025-11-06\part_0276.gz: 400,000 papers, 4,093 arXiv (6729 p/s)
  [5/7] updated_date=2025-11-06\part_0277.gz: 119,848 papers, 1,396 arXiv (6605 p/s)
  [6/7] updated_date=2025-11-06\part_0278.gz: 260,474 papers, 2,746 arXiv (6650 p/s)
  [7/7] updated_date=2025-11-06\part_0279.gz: 400,000 papers, 4,129 arXiv (6623 p/s)

  Chunk 71 terminé: 1,817,994 papers, 19,152 arXiv (273s, 6648 p/s)
  Progression: 71/309 (23%)
  arXiv trouvés: 896,709

============================================================
  CHUNK 72/309
  7 fichiers, 2.32 GB
============================================================
  [1/7] updated_date=2025-11-06\part_0280.gz: 117,905 papers, 1,270 arXiv (6812 p/s)
  [2/7] updated_date=2025-11-06\part_0281.gz: 259,161 papers, 2,666 arXiv (6756 p/s)
  [3/7] updated_date=2025-11-06\part_0282.gz: 400,000 papers, 4,277 arXiv (6758 p/s)
  [4/7] updated_date=2025-11-06\part_0283.gz: 117,521 papers, 1,135 arXiv (6863 p/s)
  [5/7] updated_date=2025-11-06\part_0284.gz: 258,890 papers, 2,683 arXiv (6766 p/s)
  [6/7] updated_date=2025-11-06\part_0285.gz: 258,956 papers, 2,683 arXiv (6778 p/s)
  [7/7] updated_date=2025-11-06\part_0286.gz: 260,209 papers, 2,674 arXiv (6384 p/s)

  Chunk 72 terminé: 1,672,642 papers, 17,388 arXiv (249s, 6710 p/s)
  Progression: 72/309 (23%)
  arXiv trouvés: 914,097

============================================================
  CHUNK 73/309
  5 fichiers, 2.18 GB
============================================================
  [1/5] updated_date=2025-11-06\part_0287.gz: 400,000 papers, 4,034 arXiv (5696 p/s)
  [2/5] updated_date=2025-11-06\part_0288.gz: 119,311 papers, 1,373 arXiv (5642 p/s)
  [3/5] updated_date=2025-11-06\part_0289.gz: 400,000 papers, 4,022 arXiv (5711 p/s)
  [4/5] updated_date=2025-11-06\part_0290.gz: 377,115 papers, 3,921 arXiv (5665 p/s)
  [5/5] updated_date=2025-11-06\part_0291.gz: 259,145 papers, 2,735 arXiv (5713 p/s)

  Chunk 73 terminé: 1,555,571 papers, 16,085 arXiv (273s, 5690 p/s)
  Progression: 73/309 (24%)
  arXiv trouvés: 930,182

============================================================
  CHUNK 74/309
  6 fichiers, 2.16 GB
============================================================
  [1/6] updated_date=2025-11-06\part_0292.gz: 259,414 papers, 2,747 arXiv (5941 p/s)
  [2/6] updated_date=2025-11-06\part_0293.gz: 259,631 papers, 2,740 arXiv (5807 p/s)
  [3/6] updated_date=2025-11-06\part_0294.gz: 258,841 papers, 2,713 arXiv (5896 p/s)
  [4/6] updated_date=2025-11-06\part_0295.gz: 259,079 papers, 2,705 arXiv (5764 p/s)
  [5/6] updated_date=2025-11-06\part_0296.gz: 260,043 papers, 2,670 arXiv (5689 p/s)
  [6/6] updated_date=2025-11-06\part_0297.gz: 259,522 papers, 2,715 arXiv (5717 p/s)

  Chunk 74 terminé: 1,556,530 papers, 16,290 arXiv (268s, 5801 p/s)
  Progression: 74/309 (24%)
  arXiv trouvés: 946,472

============================================================
  CHUNK 75/309
  6 fichiers, 2.16 GB
============================================================
  [1/6] updated_date=2025-11-06\part_0298.gz: 258,722 papers, 2,730 arXiv (5666 p/s)
  [2/6] updated_date=2025-11-06\part_0299.gz: 259,223 papers, 2,651 arXiv (5770 p/s)
  [3/6] updated_date=2025-11-06\part_0300.gz: 400,000 papers, 4,296 arXiv (5885 p/s)
  [4/6] updated_date=2025-11-06\part_0301.gz: 117,860 papers, 1,247 arXiv (5634 p/s)
  [5/6] updated_date=2025-11-06\part_0302.gz: 260,330 papers, 2,704 arXiv (5487 p/s)
  [6/6] updated_date=2025-11-06\part_0303.gz: 259,886 papers, 2,730 arXiv (5610 p/s)

  Chunk 75 terminé: 1,556,021 papers, 16,358 arXiv (273s, 5693 p/s)
  Progression: 75/309 (24%)
  arXiv trouvés: 962,830

============================================================
  CHUNK 76/309
  6 fichiers, 2.39 GB
============================================================
  [1/6] updated_date=2025-11-06\part_0304.gz: 400,000 papers, 4,219 arXiv (5689 p/s)
  [2/6] updated_date=2025-11-06\part_0305.gz: 118,988 papers, 1,228 arXiv (5706 p/s)
  [3/6] updated_date=2025-11-06\part_0306.gz: 400,000 papers, 4,271 arXiv (5559 p/s)
  [4/6] updated_date=2025-11-06\part_0307.gz: 120,138 papers, 1,078 arXiv (5785 p/s)
  [5/6] updated_date=2025-11-06\part_0308.gz: 259,279 papers, 2,687 arXiv (5767 p/s)
  [6/6] updated_date=2025-11-06\part_0309.gz: 400,000 papers, 4,276 arXiv (6043 p/s)

  Chunk 76 terminé: 1,698,405 papers, 17,759 arXiv (295s, 5756 p/s)
  Progression: 76/309 (25%)
  arXiv trouvés: 980,589

============================================================
  CHUNK 77/309
  7 fichiers, 2.33 GB
============================================================
  [1/7] updated_date=2025-11-06\part_0310.gz: 120,106 papers, 1,153 arXiv (6780 p/s)
  [2/7] updated_date=2025-11-06\part_0311.gz: 260,381 papers, 2,678 arXiv (6713 p/s)
  [3/7] updated_date=2025-11-06\part_0312.gz: 258,930 papers, 2,654 arXiv (6617 p/s)
  [4/7] updated_date=2025-11-06\part_0313.gz: 400,000 papers, 4,069 arXiv (6660 p/s)
  [5/7] updated_date=2025-11-06\part_0314.gz: 118,102 papers, 1,253 arXiv (6765 p/s)
  [6/7] updated_date=2025-11-06\part_0315.gz: 258,856 papers, 2,710 arXiv (6678 p/s)
  [7/7] updated_date=2025-11-06\part_0316.gz: 259,261 papers, 2,762 arXiv (6673 p/s)

  Chunk 77 terminé: 1,675,636 papers, 17,279 arXiv (251s, 6681 p/s)
  Progression: 77/309 (25%)
  arXiv trouvés: 997,868

============================================================
  CHUNK 78/309
  6 fichiers, 2.16 GB
============================================================
  [1/6] updated_date=2025-11-06\part_0317.gz: 259,701 papers, 2,591 arXiv (6567 p/s)
  [2/6] updated_date=2025-11-06\part_0318.gz: 259,692 papers, 2,767 arXiv (6599 p/s)
  [3/6] updated_date=2025-11-06\part_0319.gz: 400,000 papers, 4,239 arXiv (6504 p/s)
  [4/6] updated_date=2025-11-06\part_0320.gz: 118,941 papers, 1,182 arXiv (6439 p/s)
  [5/6] updated_date=2025-11-06\part_0321.gz: 400,000 papers, 4,209 arXiv (6539 p/s)
  [6/6] updated_date=2025-11-06\part_0322.gz: 119,379 papers, 1,204 arXiv (6570 p/s)

  Chunk 78 terminé: 1,557,713 papers, 16,192 arXiv (238s, 6539 p/s)
  Progression: 78/309 (25%)
  arXiv trouvés: 1,014,060

============================================================
  CHUNK 79/309
  5 fichiers, 2.38 GB
============================================================
  [1/5] updated_date=2025-11-06\part_0323.gz: 259,598 papers, 2,761 arXiv (6714 p/s)
  [2/5] updated_date=2025-11-06\part_0324.gz: 258,868 papers, 2,690 arXiv (6704 p/s)
  [3/5] updated_date=2025-11-06\part_0325.gz: 400,000 papers, 4,022 arXiv (6601 p/s)
  [4/5] updated_date=2025-11-06\part_0326.gz: 377,889 papers, 4,158 arXiv (6648 p/s)
  [5/5] updated_date=2025-11-06\part_0327.gz: 400,000 papers, 4,164 arXiv (6678 p/s)

  Chunk 79 terminé: 1,696,355 papers, 17,795 arXiv (255s, 6661 p/s)
  Progression: 79/309 (26%)
  arXiv trouvés: 1,031,855

============================================================
  CHUNK 80/309
  7 fichiers, 2.53 GB
============================================================
  [1/7] updated_date=2025-11-06\part_0328.gz: 120,063 papers, 1,125 arXiv (6708 p/s)
  [2/7] updated_date=2025-11-06\part_0329.gz: 400,000 papers, 4,358 arXiv (6685 p/s)
  [3/7] updated_date=2025-11-06\part_0330.gz: 118,771 papers, 1,076 arXiv (6717 p/s)
  [4/7] updated_date=2025-11-06\part_0331.gz: 259,706 papers, 2,685 arXiv (6705 p/s)
  [5/7] updated_date=2025-11-06\part_0332.gz: 259,346 papers, 2,775 arXiv (6694 p/s)
  [6/7] updated_date=2025-11-06\part_0333.gz: 260,211 papers, 2,732 arXiv (6617 p/s)
  [7/7] updated_date=2025-11-06\part_0334.gz: 400,000 papers, 4,179 arXiv (6659 p/s)

  Chunk 80 terminé: 1,818,097 papers, 18,930 arXiv (272s, 6676 p/s)
  Progression: 80/309 (26%)
  arXiv trouvés: 1,050,785

============================================================
  CHUNK 81/309
  7 fichiers, 2.34 GB
============================================================
  [1/7] updated_date=2025-11-06\part_0335.gz: 119,315 papers, 1,349 arXiv (6447 p/s)
  [2/7] updated_date=2025-11-06\part_0336.gz: 400,000 papers, 4,328 arXiv (6707 p/s)
  [3/7] updated_date=2025-11-06\part_0337.gz: 119,781 papers, 1,099 arXiv (6528 p/s)
  [4/7] updated_date=2025-11-06\part_0338.gz: 258,977 papers, 2,657 arXiv (6680 p/s)
  [5/7] updated_date=2025-11-06\part_0339.gz: 259,738 papers, 2,754 arXiv (6671 p/s)
  [6/7] updated_date=2025-11-06\part_0340.gz: 259,839 papers, 2,693 arXiv (6728 p/s)
  [7/7] updated_date=2025-11-06\part_0341.gz: 258,432 papers, 2,634 arXiv (6707 p/s)

  Chunk 81 terminé: 1,676,082 papers, 17,514 arXiv (251s, 6668 p/s)
  Progression: 81/309 (26%)
  arXiv trouvés: 1,068,299

============================================================
  CHUNK 82/309
  5 fichiers, 2.00 GB
============================================================
  [1/5] updated_date=2025-11-06\part_0342.gz: 259,744 papers, 2,734 arXiv (6782 p/s)
  [2/5] updated_date=2025-11-06\part_0343.gz: 258,872 papers, 2,731 arXiv (6723 p/s)
  [3/5] updated_date=2025-11-06\part_0344.gz: 259,876 papers, 2,697 arXiv (6790 p/s)
  [4/5] updated_date=2025-11-06\part_0345.gz: 259,149 papers, 2,649 arXiv (6766 p/s)
  [5/5] updated_date=2025-11-06\part_0346.gz: 400,000 papers, 4,198 arXiv (6725 p/s)

  Chunk 82 terminé: 1,437,641 papers, 15,009 arXiv (213s, 6752 p/s)
  Progression: 82/309 (27%)
  arXiv trouvés: 1,083,308

============================================================
  CHUNK 83/309
  6 fichiers, 2.34 GB
============================================================
  [1/6] updated_date=2025-11-06\part_0347.gz: 117,519 papers, 1,253 arXiv (6901 p/s)
  [2/6] updated_date=2025-11-06\part_0348.gz: 400,000 papers, 4,042 arXiv (6683 p/s)
  [3/6] updated_date=2025-11-06\part_0349.gz: 378,227 papers, 3,889 arXiv (6651 p/s)
  [4/6] updated_date=2025-11-06\part_0350.gz: 400,000 papers, 4,200 arXiv (6232 p/s)
  [5/6] updated_date=2025-11-06\part_0351.gz: 118,598 papers, 1,318 arXiv (6661 p/s)
  [6/6] updated_date=2025-11-06\part_0352.gz: 259,704 papers, 2,671 arXiv (6678 p/s)

  Chunk 83 terminé: 1,674,048 papers, 17,373 arXiv (255s, 6573 p/s)
  Progression: 83/309 (27%)
  arXiv trouvés: 1,100,681

============================================================
  CHUNK 84/309
  6 fichiers, 2.38 GB
============================================================
  [1/6] updated_date=2025-11-06\part_0353.gz: 260,117 papers, 2,674 arXiv (6632 p/s)
  [2/6] updated_date=2025-11-06\part_0354.gz: 400,000 papers, 4,286 arXiv (6512 p/s)
  [3/6] updated_date=2025-11-06\part_0355.gz: 118,324 papers, 1,258 arXiv (6746 p/s)
  [4/6] updated_date=2025-11-06\part_0356.gz: 259,529 papers, 2,726 arXiv (6588 p/s)
  [5/6] updated_date=2025-11-06\part_0357.gz: 260,205 papers, 2,661 arXiv (6694 p/s)
  [6/6] updated_date=2025-11-06\part_0358.gz: 400,000 papers, 4,247 arXiv (6677 p/s)

  Chunk 84 terminé: 1,698,175 papers, 17,852 arXiv (256s, 6624 p/s)
  Progression: 84/309 (27%)
  arXiv trouvés: 1,118,533

============================================================
  CHUNK 85/309
  7 fichiers, 2.52 GB
============================================================
  [1/7] updated_date=2025-11-06\part_0359.gz: 120,368 papers, 1,231 arXiv (6900 p/s)
  [2/7] updated_date=2025-11-06\part_0360.gz: 259,513 papers, 2,705 arXiv (6752 p/s)
  [3/7] updated_date=2025-11-06\part_0361.gz: 400,000 papers, 4,196 arXiv (6749 p/s)
  [4/7] updated_date=2025-11-06\part_0362.gz: 117,383 papers, 1,128 arXiv (7010 p/s)
  [5/7] updated_date=2025-11-06\part_0363.gz: 259,065 papers, 2,705 arXiv (6737 p/s)
  [6/7] updated_date=2025-11-06\part_0364.gz: 259,320 papers, 2,630 arXiv (6814 p/s)
  [7/7] updated_date=2025-11-06\part_0365.gz: 400,000 papers, 4,212 arXiv (6736 p/s)

  Chunk 85 terminé: 1,815,649 papers, 18,807 arXiv (268s, 6779 p/s)
  Progression: 85/309 (28%)
  arXiv trouvés: 1,137,340

============================================================
  CHUNK 86/309
  7 fichiers, 2.54 GB
============================================================
  [1/7] updated_date=2025-11-06\part_0366.gz: 117,788 papers, 1,260 arXiv (6830 p/s)
  [2/7] updated_date=2025-11-06\part_0367.gz: 259,372 papers, 2,719 arXiv (6069 p/s)
  [3/7] updated_date=2025-11-06\part_0368.gz: 400,000 papers, 4,299 arXiv (5710 p/s)
  [4/7] updated_date=2025-11-06\part_0369.gz: 119,312 papers, 1,184 arXiv (5792 p/s)
  [5/7] updated_date=2025-11-06\part_0370.gz: 400,000 papers, 4,273 arXiv (5729 p/s)
  [6/7] updated_date=2025-11-06\part_0371.gz: 119,668 papers, 1,254 arXiv (5762 p/s)
  [7/7] updated_date=2025-11-06\part_0372.gz: 400,000 papers, 4,200 arXiv (5703 p/s)

  Chunk 86 terminé: 1,816,140 papers, 19,189 arXiv (311s, 5832 p/s)
  Progression: 86/309 (28%)
  arXiv trouvés: 1,156,529

============================================================
  CHUNK 87/309
  7 fichiers, 2.32 GB
============================================================
  [1/7] updated_date=2025-11-06\part_0373.gz: 119,125 papers, 1,216 arXiv (5810 p/s)
  [2/7] updated_date=2025-11-06\part_0374.gz: 400,000 papers, 4,196 arXiv (5832 p/s)
  [3/7] updated_date=2025-11-06\part_0375.gz: 118,335 papers, 1,297 arXiv (5586 p/s)
  [4/7] updated_date=2025-11-06\part_0376.gz: 259,437 papers, 2,690 arXiv (5788 p/s)
  [5/7] updated_date=2025-11-06\part_0377.gz: 259,215 papers, 2,641 arXiv (5747 p/s)
  [6/7] updated_date=2025-11-06\part_0378.gz: 259,282 papers, 2,665 arXiv (5701 p/s)
  [7/7] updated_date=2025-11-06\part_0379.gz: 258,539 papers, 2,701 arXiv (5761 p/s)

  Chunk 87 terminé: 1,673,933 papers, 17,406 arXiv (291s, 5761 p/s)
  Progression: 87/309 (28%)
  arXiv trouvés: 1,173,935

============================================================
  CHUNK 88/309
  6 fichiers, 2.15 GB
============================================================
  [1/6] updated_date=2025-11-06\part_0380.gz: 260,105 papers, 2,801 arXiv (5802 p/s)
  [2/6] updated_date=2025-11-06\part_0381.gz: 259,640 papers, 2,775 arXiv (5904 p/s)
  [3/6] updated_date=2025-11-06\part_0382.gz: 259,348 papers, 2,644 arXiv (5280 p/s)
  [4/6] updated_date=2025-11-06\part_0383.gz: 258,429 papers, 2,709 arXiv (5630 p/s)
  [5/6] updated_date=2025-11-06\part_0384.gz: 259,083 papers, 2,737 arXiv (5788 p/s)
  [6/6] updated_date=2025-11-06\part_0385.gz: 259,474 papers, 2,693 arXiv (5707 p/s)

  Chunk 88 terminé: 1,556,079 papers, 16,359 arXiv (274s, 5675 p/s)
  Progression: 88/309 (28%)
  arXiv trouvés: 1,190,294

============================================================
  CHUNK 89/309
  5 fichiers, 2.01 GB
============================================================
  [1/5] updated_date=2025-11-06\part_0386.gz: 258,788 papers, 2,713 arXiv (5864 p/s)
  [2/5] updated_date=2025-11-06\part_0387.gz: 259,469 papers, 2,668 arXiv (5766 p/s)
  [3/5] updated_date=2025-11-06\part_0388.gz: 400,000 papers, 4,145 arXiv (5797 p/s)
  [4/5] updated_date=2025-11-06\part_0389.gz: 118,935 papers, 1,235 arXiv (5768 p/s)
  [5/5] updated_date=2025-11-06\part_0390.gz: 400,000 papers, 4,324 arXiv (5483 p/s)

  Chunk 89 terminé: 1,437,192 papers, 15,085 arXiv (252s, 5709 p/s)
  Progression: 89/309 (29%)
  arXiv trouvés: 1,205,379

============================================================
  CHUNK 90/309
  6 fichiers, 2.34 GB
============================================================
  [1/6] updated_date=2025-11-06\part_0391.gz: 378,819 papers, 3,779 arXiv (5760 p/s)
  [2/6] updated_date=2025-11-06\part_0392.gz: 259,251 papers, 2,777 arXiv (5849 p/s)
  [3/6] updated_date=2025-11-06\part_0393.gz: 259,967 papers, 2,705 arXiv (5797 p/s)
  [4/6] updated_date=2025-11-06\part_0394.gz: 259,340 papers, 2,771 arXiv (5814 p/s)
  [5/6] updated_date=2025-11-06\part_0395.gz: 260,754 papers, 2,757 arXiv (5716 p/s)
  [6/6] updated_date=2025-11-06\part_0396.gz: 259,927 papers, 2,764 arXiv (5753 p/s)

  Chunk 90 terminé: 1,678,058 papers, 17,553 arXiv (290s, 5779 p/s)
  Progression: 90/309 (29%)
  arXiv trouvés: 1,222,932

============================================================
  CHUNK 91/309
  5 fichiers, 2.38 GB
============================================================
  [1/5] updated_date=2025-11-06\part_0397.gz: 400,000 papers, 4,294 arXiv (5518 p/s)
  [2/5] updated_date=2025-11-06\part_0398.gz: 377,820 papers, 3,597 arXiv (5635 p/s)
  [3/5] updated_date=2025-11-06\part_0399.gz: 258,887 papers, 2,706 arXiv (5680 p/s)
  [4/5] updated_date=2025-11-06\part_0400.gz: 260,100 papers, 2,718 arXiv (6275 p/s)
  [5/5] updated_date=2025-11-06\part_0401.gz: 400,000 papers, 4,024 arXiv (5717 p/s)

  Chunk 91 terminé: 1,696,807 papers, 17,339 arXiv (297s, 5722 p/s)
  Progression: 91/309 (29%)
  arXiv trouvés: 1,240,271

============================================================
  CHUNK 92/309
  7 fichiers, 2.34 GB
============================================================
  [1/7] updated_date=2025-11-06\part_0402.gz: 118,619 papers, 1,420 arXiv (5627 p/s)
  [2/7] updated_date=2025-11-06\part_0403.gz: 400,000 papers, 3,900 arXiv (5839 p/s)
  [3/7] updated_date=2025-11-06\part_0404.gz: 118,030 papers, 1,439 arXiv (5785 p/s)
  [4/7] updated_date=2025-11-06\part_0405.gz: 259,518 papers, 2,677 arXiv (5828 p/s)
  [5/7] updated_date=2025-11-06\part_0406.gz: 259,921 papers, 2,704 arXiv (5855 p/s)
  [6/7] updated_date=2025-11-06\part_0407.gz: 259,760 papers, 2,695 arXiv (5898 p/s)
  [7/7] updated_date=2025-11-06\part_0408.gz: 258,825 papers, 2,716 arXiv (6450 p/s)

  Chunk 92 terminé: 1,674,673 papers, 17,551 arXiv (283s, 5915 p/s)
  Progression: 92/309 (30%)
  arXiv trouvés: 1,257,822

============================================================
  CHUNK 93/309
  6 fichiers, 2.17 GB
============================================================
  [1/6] updated_date=2025-11-06\part_0409.gz: 400,000 papers, 4,224 arXiv (6626 p/s)
  [2/6] updated_date=2025-11-06\part_0410.gz: 118,992 papers, 1,224 arXiv (6449 p/s)
  [3/6] updated_date=2025-11-06\part_0411.gz: 259,558 papers, 2,715 arXiv (6278 p/s)
  [4/6] updated_date=2025-11-06\part_0412.gz: 400,000 papers, 4,127 arXiv (6447 p/s)
  [5/6] updated_date=2025-11-06\part_0413.gz: 119,274 papers, 1,366 arXiv (6037 p/s)
  [6/6] updated_date=2025-11-06\part_0414.gz: 259,844 papers, 2,575 arXiv (5669 p/s)

  Chunk 93 terminé: 1,557,668 papers, 16,231 arXiv (248s, 6285 p/s)
  Progression: 93/309 (30%)
  arXiv trouvés: 1,274,053

============================================================
  CHUNK 94/309
  6 fichiers, 2.16 GB
============================================================
  [1/6] updated_date=2025-11-06\part_0415.gz: 259,652 papers, 2,639 arXiv (5751 p/s)
  [2/6] updated_date=2025-11-06\part_0416.gz: 259,727 papers, 2,765 arXiv (5757 p/s)
  [3/6] updated_date=2025-11-06\part_0417.gz: 259,680 papers, 2,712 arXiv (5838 p/s)
  [4/6] updated_date=2025-11-06\part_0418.gz: 259,059 papers, 2,722 arXiv (5731 p/s)
  [5/6] updated_date=2025-11-06\part_0419.gz: 259,870 papers, 2,605 arXiv (5706 p/s)
  [6/6] updated_date=2025-11-06\part_0420.gz: 259,726 papers, 2,767 arXiv (5610 p/s)

  Chunk 94 terminé: 1,557,714 papers, 16,210 arXiv (272s, 5731 p/s)
  Progression: 94/309 (30%)
  arXiv trouvés: 1,290,263

============================================================
  CHUNK 95/309
  6 fichiers, 2.15 GB
============================================================
  [1/6] updated_date=2025-11-06\part_0421.gz: 259,736 papers, 2,609 arXiv (5762 p/s)
  [2/6] updated_date=2025-11-06\part_0422.gz: 258,985 papers, 2,763 arXiv (5727 p/s)
  [3/6] updated_date=2025-11-06\part_0423.gz: 260,461 papers, 2,705 arXiv (6548 p/s)
  [4/6] updated_date=2025-11-06\part_0424.gz: 258,315 papers, 2,693 arXiv (6575 p/s)
  [5/6] updated_date=2025-11-06\part_0425.gz: 259,804 papers, 2,701 arXiv (6216 p/s)
  [6/6] updated_date=2025-11-06\part_0426.gz: 258,804 papers, 2,685 arXiv (5598 p/s)

  Chunk 95 terminé: 1,556,105 papers, 16,156 arXiv (257s, 6045 p/s)
  Progression: 95/309 (31%)
  arXiv trouvés: 1,306,419

============================================================
  CHUNK 96/309
  6 fichiers, 2.37 GB
============================================================
  [1/6] updated_date=2025-11-06\part_0427.gz: 258,913 papers, 2,722 arXiv (5715 p/s)
  [2/6] updated_date=2025-11-06\part_0428.gz: 400,000 papers, 4,238 arXiv (5652 p/s)
  [3/6] updated_date=2025-11-06\part_0429.gz: 119,332 papers, 1,265 arXiv (5355 p/s)
  [4/6] updated_date=2025-11-06\part_0430.gz: 259,289 papers, 2,625 arXiv (5329 p/s)
  [5/6] updated_date=2025-11-06\part_0431.gz: 258,869 papers, 2,622 arXiv (5514 p/s)
  [6/6] updated_date=2025-11-06\part_0432.gz: 400,000 papers, 4,454 arXiv (5721 p/s)

  Chunk 96 terminé: 1,696,403 papers, 17,926 arXiv (304s, 5582 p/s)
  Progression: 96/309 (31%)
  arXiv trouvés: 1,324,345

============================================================
  CHUNK 97/309
  6 fichiers, 2.54 GB
============================================================
  [1/6] updated_date=2025-11-06\part_0433.gz: 377,724 papers, 3,847 arXiv (5992 p/s)
  [2/6] updated_date=2025-11-06\part_0434.gz: 400,000 papers, 4,180 arXiv (5622 p/s)
  [3/6] updated_date=2025-11-06\part_0435.gz: 119,174 papers, 1,231 arXiv (5706 p/s)
  [4/6] updated_date=2025-11-06\part_0436.gz: 258,448 papers, 2,594 arXiv (5469 p/s)
  [5/6] updated_date=2025-11-06\part_0437.gz: 260,196 papers, 2,704 arXiv (5539 p/s)
  [6/6] updated_date=2025-11-06\part_0438.gz: 400,000 papers, 4,156 arXiv (5495 p/s)

  Chunk 97 terminé: 1,815,542 papers, 18,712 arXiv (322s, 5636 p/s)
  Progression: 97/309 (31%)
  arXiv trouvés: 1,343,057

============================================================
  CHUNK 98/309
  7 fichiers, 2.34 GB
============================================================
  [1/7] updated_date=2025-11-06\part_0439.gz: 118,910 papers, 1,188 arXiv (5501 p/s)
  [2/7] updated_date=2025-11-06\part_0440.gz: 400,000 papers, 4,122 arXiv (5545 p/s)
  [3/7] updated_date=2025-11-06\part_0441.gz: 120,730 papers, 1,200 arXiv (5878 p/s)
  [4/7] updated_date=2025-11-06\part_0442.gz: 260,035 papers, 2,749 arXiv (5647 p/s)
  [5/7] updated_date=2025-11-06\part_0443.gz: 400,000 papers, 4,248 arXiv (6005 p/s)
  [6/7] updated_date=2025-11-06\part_0444.gz: 119,250 papers, 1,232 arXiv (5941 p/s)
  [7/7] updated_date=2025-11-06\part_0445.gz: 259,827 papers, 2,778 arXiv (5955 p/s)

  Chunk 98 terminé: 1,678,752 papers, 17,517 arXiv (291s, 5774 p/s)
  Progression: 98/309 (32%)
  arXiv trouvés: 1,360,574

============================================================
  CHUNK 99/309
  5 fichiers, 2.38 GB
============================================================
  [1/5] updated_date=2025-11-06\part_0446.gz: 400,000 papers, 4,423 arXiv (6031 p/s)
  [2/5] updated_date=2025-11-06\part_0447.gz: 400,000 papers, 3,896 arXiv (5790 p/s)
  [3/5] updated_date=2025-11-06\part_0448.gz: 237,219 papers, 2,562 arXiv (5464 p/s)
  [4/5] updated_date=2025-11-06\part_0449.gz: 259,085 papers, 2,627 arXiv (5725 p/s)
  [5/5] updated_date=2025-11-06\part_0450.gz: 400,000 papers, 4,277 arXiv (5805 p/s)

  Chunk 99 terminé: 1,696,304 papers, 17,785 arXiv (293s, 5789 p/s)
  Progression: 99/309 (32%)
  arXiv trouvés: 1,378,359

============================================================
  CHUNK 100/309
  5 fichiers, 2.00 GB
============================================================
  [1/5] updated_date=2025-11-06\part_0451.gz: 120,707 papers, 1,239 arXiv (5616 p/s)
  [2/5] updated_date=2025-11-06\part_0452.gz: 259,581 papers, 2,714 arXiv (5796 p/s)
  [3/5] updated_date=2025-11-06\part_0453.gz: 400,000 papers, 3,959 arXiv (5811 p/s)
  [4/5] updated_date=2025-11-06\part_0454.gz: 400,000 papers, 4,121 arXiv (5268 p/s)
  [5/5] updated_date=2025-11-06\part_0455.gz: 237,492 papers, 2,795 arXiv (5276 p/s)

  Chunk 100 terminé: 1,417,780 papers, 14,828 arXiv (256s, 5536 p/s)
  Progression: 100/309 (32%)
  arXiv trouvés: 1,393,187

============================================================
  CHUNK 101/309
  5 fichiers, 2.01 GB
============================================================
  [1/5] updated_date=2025-11-06\part_0456.gz: 400,000 papers, 4,076 arXiv (5631 p/s)
  [2/5] updated_date=2025-11-06\part_0457.gz: 118,634 papers, 1,337 arXiv (5884 p/s)
  [3/5] updated_date=2025-11-06\part_0458.gz: 259,663 papers, 2,753 arXiv (5723 p/s)
  [4/5] updated_date=2025-11-06\part_0459.gz: 259,426 papers, 2,686 arXiv (5822 p/s)
  [5/5] updated_date=2025-11-06\part_0460.gz: 400,000 papers, 3,956 arXiv (5684 p/s)

  Chunk 101 terminé: 1,437,723 papers, 14,808 arXiv (251s, 5717 p/s)
  Progression: 101/309 (33%)
  arXiv trouvés: 1,407,995

============================================================
  CHUNK 102/309
  6 fichiers, 2.35 GB
============================================================
  [1/6] updated_date=2025-11-06\part_0461.gz: 119,008 papers, 1,281 arXiv (5302 p/s)
  [2/6] updated_date=2025-11-06\part_0462.gz: 259,071 papers, 2,726 arXiv (5675 p/s)
  [3/6] updated_date=2025-11-06\part_0463.gz: 259,728 papers, 2,756 arXiv (5650 p/s)
  [4/6] updated_date=2025-11-06\part_0464.gz: 400,000 papers, 4,231 arXiv (5625 p/s)
  [5/6] updated_date=2025-11-06\part_0465.gz: 378,608 papers, 3,809 arXiv (5549 p/s)
  [6/6] updated_date=2025-11-06\part_0466.gz: 258,996 papers, 2,727 arXiv (5653 p/s)

  Chunk 102 terminé: 1,675,411 papers, 17,530 arXiv (299s, 5598 p/s)
  Progression: 102/309 (33%)
  arXiv trouvés: 1,425,525

============================================================
  CHUNK 103/309
  6 fichiers, 2.16 GB
============================================================
  [1/6] updated_date=2025-11-06\part_0467.gz: 259,441 papers, 2,763 arXiv (5596 p/s)
  [2/6] updated_date=2025-11-06\part_0468.gz: 259,504 papers, 2,673 arXiv (5661 p/s)
  [3/6] updated_date=2025-11-06\part_0469.gz: 258,569 papers, 2,664 arXiv (5791 p/s)
  [4/6] updated_date=2025-11-06\part_0470.gz: 259,057 papers, 2,660 arXiv (5693 p/s)
  [5/6] updated_date=2025-11-06\part_0471.gz: 259,574 papers, 2,715 arXiv (5832 p/s)
  [6/6] updated_date=2025-11-06\part_0472.gz: 259,368 papers, 2,690 arXiv (5555 p/s)

  Chunk 103 terminé: 1,555,513 papers, 16,165 arXiv (274s, 5686 p/s)
  Progression: 103/309 (33%)
  arXiv trouvés: 1,441,690

============================================================
  CHUNK 104/309
  6 fichiers, 2.16 GB
============================================================
  [1/6] updated_date=2025-11-06\part_0473.gz: 259,381 papers, 2,650 arXiv (5711 p/s)
  [2/6] updated_date=2025-11-06\part_0474.gz: 400,000 papers, 4,322 arXiv (5615 p/s)
  [3/6] updated_date=2025-11-06\part_0475.gz: 118,042 papers, 1,036 arXiv (5637 p/s)
  [4/6] updated_date=2025-11-06\part_0476.gz: 259,506 papers, 2,709 arXiv (5809 p/s)
  [5/6] updated_date=2025-11-06\part_0477.gz: 400,000 papers, 4,063 arXiv (5689 p/s)
  [6/6] updated_date=2025-11-06\part_0478.gz: 118,832 papers, 1,312 arXiv (5741 p/s)

  Chunk 104 terminé: 1,555,761 papers, 16,092 arXiv (273s, 5692 p/s)
  Progression: 104/309 (34%)
  arXiv trouvés: 1,457,782

============================================================
  CHUNK 105/309
  6 fichiers, 2.17 GB
============================================================
  [1/6] updated_date=2025-11-06\part_0479.gz: 400,000 papers, 4,202 arXiv (5774 p/s)
  [2/6] updated_date=2025-11-06\part_0480.gz: 119,025 papers, 1,200 arXiv (5872 p/s)
  [3/6] updated_date=2025-11-06\part_0481.gz: 259,192 papers, 2,772 arXiv (5657 p/s)
  [4/6] updated_date=2025-11-06\part_0482.gz: 259,561 papers, 2,711 arXiv (5763 p/s)
  [5/6] updated_date=2025-11-06\part_0483.gz: 259,131 papers, 2,656 arXiv (5896 p/s)
  [6/6] updated_date=2025-11-06\part_0484.gz: 259,772 papers, 2,677 arXiv (5846 p/s)

  Chunk 105 terminé: 1,556,681 papers, 16,218 arXiv (269s, 5791 p/s)
  Progression: 105/309 (34%)
  arXiv trouvés: 1,474,000

============================================================
  CHUNK 106/309
  5 fichiers, 2.18 GB
============================================================
  [1/5] updated_date=2025-11-06\part_0485.gz: 400,000 papers, 4,101 arXiv (5740 p/s)
  [2/5] updated_date=2025-11-06\part_0486.gz: 378,067 papers, 4,145 arXiv (5741 p/s)
  [3/5] updated_date=2025-11-06\part_0487.gz: 400,000 papers, 4,210 arXiv (5741 p/s)
  [4/5] updated_date=2025-11-06\part_0488.gz: 117,814 papers, 1,254 arXiv (5968 p/s)
  [5/5] updated_date=2025-11-06\part_0489.gz: 259,720 papers, 2,634 arXiv (5742 p/s)

  Chunk 106 terminé: 1,555,601 papers, 16,344 arXiv (270s, 5757 p/s)
  Progression: 106/309 (34%)
  arXiv trouvés: 1,490,344

============================================================
  CHUNK 107/309
  6 fichiers, 2.36 GB
============================================================
  [1/6] updated_date=2025-11-06\part_0490.gz: 258,987 papers, 2,729 arXiv (5793 p/s)
  [2/6] updated_date=2025-11-06\part_0491.gz: 400,000 papers, 4,414 arXiv (5758 p/s)
  [3/6] updated_date=2025-11-06\part_0492.gz: 119,139 papers, 1,062 arXiv (5678 p/s)
  [4/6] updated_date=2025-11-06\part_0493.gz: 260,338 papers, 2,719 arXiv (5744 p/s)
  [5/6] updated_date=2025-11-06\part_0494.gz: 259,725 papers, 2,652 arXiv (5799 p/s)
  [6/6] updated_date=2025-11-06\part_0495.gz: 400,000 papers, 4,088 arXiv (5754 p/s)

  Chunk 107 terminé: 1,698,189 papers, 17,664 arXiv (295s, 5760 p/s)
  Progression: 107/309 (35%)
  arXiv trouvés: 1,508,008

============================================================
  CHUNK 108/309
  6 fichiers, 2.18 GB
============================================================
  [1/6] updated_date=2025-11-06\part_0496.gz: 119,098 papers, 1,370 arXiv (5673 p/s)
  [2/6] updated_date=2025-11-06\part_0497.gz: 259,928 papers, 2,742 arXiv (5676 p/s)
  [3/6] updated_date=2025-11-06\part_0498.gz: 259,324 papers, 2,743 arXiv (5771 p/s)
  [4/6] updated_date=2025-11-06\part_0499.gz: 400,000 papers, 3,962 arXiv (5598 p/s)
  [5/6] updated_date=2025-11-06\part_0500.gz: 119,628 papers, 1,331 arXiv (5850 p/s)
  [6/6] updated_date=2025-11-06\part_0501.gz: 400,000 papers, 4,135 arXiv (5650 p/s)

  Chunk 108 terminé: 1,557,978 papers, 16,283 arXiv (274s, 5677 p/s)
  Progression: 108/309 (35%)
  arXiv trouvés: 1,524,291

============================================================
  CHUNK 109/309
  7 fichiers, 2.34 GB
============================================================
  [1/7] updated_date=2025-11-06\part_0502.gz: 118,831 papers, 1,387 arXiv (5744 p/s)
  [2/7] updated_date=2025-11-06\part_0503.gz: 260,495 papers, 2,847 arXiv (5675 p/s)
  [3/7] updated_date=2025-11-06\part_0504.gz: 259,946 papers, 2,690 arXiv (5814 p/s)
  [4/7] updated_date=2025-11-06\part_0505.gz: 400,000 papers, 4,242 arXiv (5675 p/s)
  [5/7] updated_date=2025-11-06\part_0506.gz: 118,166 papers, 1,254 arXiv (5863 p/s)
  [6/7] updated_date=2025-11-06\part_0507.gz: 259,239 papers, 2,681 arXiv (5762 p/s)
  [7/7] updated_date=2025-11-06\part_0508.gz: 260,104 papers, 2,685 arXiv (6140 p/s)

  Chunk 109 terminé: 1,676,781 papers, 17,786 arXiv (289s, 5795 p/s)
  Progression: 109/309 (35%)
  arXiv trouvés: 1,542,077

============================================================
  CHUNK 110/309
  5 fichiers, 2.01 GB
============================================================
  [1/5] updated_date=2025-11-06\part_0509.gz: 259,692 papers, 2,713 arXiv (6589 p/s)
  [2/5] updated_date=2025-11-06\part_0510.gz: 258,374 papers, 2,730 arXiv (5705 p/s)
  [3/5] updated_date=2025-11-06\part_0511.gz: 259,313 papers, 2,710 arXiv (5591 p/s)
  [4/5] updated_date=2025-11-06\part_0512.gz: 258,963 papers, 2,739 arXiv (5628 p/s)
  [5/5] updated_date=2025-11-06\part_0513.gz: 400,000 papers, 4,047 arXiv (5583 p/s)

  Chunk 110 terminé: 1,436,342 papers, 14,939 arXiv (249s, 5773 p/s)
  Progression: 110/309 (36%)
  arXiv trouvés: 1,557,016

============================================================
  CHUNK 111/309
  6 fichiers, 2.32 GB
============================================================
  [1/6] updated_date=2025-11-06\part_0514.gz: 377,866 papers, 3,951 arXiv (5717 p/s)
  [2/6] updated_date=2025-11-06\part_0515.gz: 259,664 papers, 2,688 arXiv (5612 p/s)
  [3/6] updated_date=2025-11-06\part_0516.gz: 259,969 papers, 2,666 arXiv (5415 p/s)
  [4/6] updated_date=2025-11-06\part_0517.gz: 259,551 papers, 2,714 arXiv (5627 p/s)
  [5/6] updated_date=2025-11-06\part_0518.gz: 259,534 papers, 2,639 arXiv (5671 p/s)
  [6/6] updated_date=2025-11-06\part_0519.gz: 258,429 papers, 2,710 arXiv (5627 p/s)

  Chunk 111 terminé: 1,675,013 papers, 17,368 arXiv (298s, 5617 p/s)
  Progression: 111/309 (36%)
  arXiv trouvés: 1,574,384

============================================================
  CHUNK 112/309
  5 fichiers, 2.02 GB
============================================================
  [1/5] updated_date=2025-11-06\part_0520.gz: 259,142 papers, 2,593 arXiv (5615 p/s)
  [2/5] updated_date=2025-11-06\part_0521.gz: 259,479 papers, 2,612 arXiv (5716 p/s)
  [3/5] updated_date=2025-11-06\part_0522.gz: 400,000 papers, 4,129 arXiv (5631 p/s)
  [4/5] updated_date=2025-11-06\part_0523.gz: 118,853 papers, 1,274 arXiv (5742 p/s)
  [5/5] updated_date=2025-11-06\part_0524.gz: 400,000 papers, 4,056 arXiv (5703 p/s)

  Chunk 112 terminé: 1,437,474 papers, 14,664 arXiv (253s, 5671 p/s)
  Progression: 112/309 (36%)
  arXiv trouvés: 1,589,048

============================================================
  CHUNK 113/309
  6 fichiers, 2.53 GB
============================================================
  [1/6] updated_date=2025-11-06\part_0525.gz: 376,904 papers, 4,078 arXiv (5862 p/s)
  [2/6] updated_date=2025-11-06\part_0526.gz: 259,521 papers, 2,702 arXiv (5788 p/s)
  [3/6] updated_date=2025-11-06\part_0527.gz: 400,000 papers, 4,206 arXiv (5854 p/s)
  [4/6] updated_date=2025-11-06\part_0528.gz: 118,854 papers, 1,212 arXiv (5780 p/s)
  [5/6] updated_date=2025-11-06\part_0529.gz: 259,501 papers, 2,640 arXiv (6150 p/s)
  [6/6] updated_date=2025-11-06\part_0530.gz: 400,000 papers, 4,154 arXiv (5783 p/s)

  Chunk 113 terminé: 1,814,780 papers, 18,992 arXiv (309s, 5865 p/s)
  Progression: 113/309 (37%)
  arXiv trouvés: 1,608,040

============================================================
  CHUNK 114/309
  7 fichiers, 2.33 GB
============================================================
  [1/7] updated_date=2025-11-06\part_0531.gz: 117,454 papers, 1,117 arXiv (5775 p/s)
  [2/7] updated_date=2025-11-06\part_0532.gz: 400,000 papers, 4,237 arXiv (5787 p/s)
  [3/7] updated_date=2025-11-06\part_0533.gz: 119,191 papers, 1,200 arXiv (5625 p/s)
  [4/7] updated_date=2025-11-06\part_0534.gz: 259,124 papers, 2,799 arXiv (5716 p/s)
  [5/7] updated_date=2025-11-06\part_0535.gz: 400,000 papers, 4,244 arXiv (5740 p/s)
  [6/7] updated_date=2025-11-06\part_0536.gz: 119,698 papers, 1,269 arXiv (5603 p/s)
  [7/7] updated_date=2025-11-06\part_0537.gz: 259,840 papers, 2,731 arXiv (6163 p/s)

  Chunk 114 terminé: 1,675,307 papers, 17,597 arXiv (289s, 5792 p/s)
  Progression: 114/309 (37%)
  arXiv trouvés: 1,625,637

============================================================
  CHUNK 115/309
  6 fichiers, 2.16 GB
============================================================
  [1/6] updated_date=2025-11-06\part_0538.gz: 259,264 papers, 2,650 arXiv (6611 p/s)
  [2/6] updated_date=2025-11-06\part_0539.gz: 259,553 papers, 2,647 arXiv (6589 p/s)
  [3/6] updated_date=2025-11-06\part_0540.gz: 400,000 papers, 4,121 arXiv (6575 p/s)
  [4/6] updated_date=2025-11-06\part_0541.gz: 118,751 papers, 1,359 arXiv (6680 p/s)
  [5/6] updated_date=2025-11-06\part_0542.gz: 260,088 papers, 2,679 arXiv (6669 p/s)
  [6/6] updated_date=2025-11-06\part_0543.gz: 259,398 papers, 2,662 arXiv (5729 p/s)

  Chunk 115 terminé: 1,557,054 papers, 16,118 arXiv (242s, 6446 p/s)
  Progression: 115/309 (37%)
  arXiv trouvés: 1,641,755

============================================================
  CHUNK 116/309
  6 fichiers, 2.16 GB
============================================================
  [1/6] updated_date=2025-11-06\part_0544.gz: 400,000 papers, 4,115 arXiv (6244 p/s)
  [2/6] updated_date=2025-11-06\part_0545.gz: 117,977 papers, 1,214 arXiv (5640 p/s)
  [3/6] updated_date=2025-11-06\part_0546.gz: 400,000 papers, 4,077 arXiv (5609 p/s)
  [4/6] updated_date=2025-11-06\part_0547.gz: 119,107 papers, 1,313 arXiv (5950 p/s)
  [5/6] updated_date=2025-11-06\part_0548.gz: 259,414 papers, 2,674 arXiv (5681 p/s)
  [6/6] updated_date=2025-11-06\part_0549.gz: 260,020 papers, 2,713 arXiv (6260 p/s)

  Chunk 116 terminé: 1,556,518 papers, 16,106 arXiv (264s, 5906 p/s)
  Progression: 116/309 (38%)
  arXiv trouvés: 1,657,861

============================================================
  CHUNK 117/309
  5 fichiers, 2.41 GB
============================================================
  [1/5] updated_date=2025-11-06\part_0550.gz: 259,486 papers, 2,770 arXiv (6676 p/s)
  [2/5] updated_date=2025-11-06\part_0551.gz: 258,528 papers, 2,602 arXiv (5989 p/s)
  [3/5] updated_date=2025-11-06\part_0552.gz: 400,000 papers, 4,287 arXiv (5746 p/s)
  [4/5] updated_date=2025-11-06\part_0553.gz: 400,000 papers, 4,398 arXiv (5697 p/s)
  [5/5] updated_date=2025-11-06\part_0554.gz: 400,000 papers, 4,119 arXiv (5894 p/s)

  Chunk 117 terminé: 1,718,014 papers, 18,176 arXiv (290s, 5929 p/s)
  Progression: 117/309 (38%)
  arXiv trouvés: 1,676,037

============================================================
  CHUNK 118/309
  6 fichiers, 2.32 GB
============================================================
  [1/6] updated_date=2025-11-06\part_0555.gz: 96,476 papers, 933 arXiv (5625 p/s)
  [2/6] updated_date=2025-11-06\part_0556.gz: 400,000 papers, 3,894 arXiv (5663 p/s)
  [3/6] updated_date=2025-11-06\part_0557.gz: 400,000 papers, 4,373 arXiv (5832 p/s)
  [4/6] updated_date=2025-11-06\part_0558.gz: 237,650 papers, 2,384 arXiv (5754 p/s)
  [5/6] updated_date=2025-11-06\part_0559.gz: 258,648 papers, 2,660 arXiv (5795 p/s)
  [6/6] updated_date=2025-11-06\part_0560.gz: 259,961 papers, 2,737 arXiv (5759 p/s)

  Chunk 118 terminé: 1,652,735 papers, 16,981 arXiv (287s, 5749 p/s)
  Progression: 118/309 (38%)
  arXiv trouvés: 1,693,018

============================================================
  CHUNK 119/309
  5 fichiers, 2.39 GB
============================================================
  [1/5] updated_date=2025-11-06\part_0561.gz: 259,359 papers, 2,737 arXiv (5824 p/s)
  [2/5] updated_date=2025-11-06\part_0562.gz: 400,000 papers, 4,336 arXiv (5708 p/s)
  [3/5] updated_date=2025-11-06\part_0563.gz: 380,274 papers, 4,024 arXiv (5757 p/s)
  [4/5] updated_date=2025-11-06\part_0564.gz: 259,139 papers, 2,787 arXiv (5736 p/s)
  [5/5] updated_date=2025-11-06\part_0565.gz: 400,000 papers, 4,088 arXiv (5789 p/s)

  Chunk 119 terminé: 1,698,772 papers, 17,972 arXiv (295s, 5759 p/s)
  Progression: 119/309 (39%)
  arXiv trouvés: 1,710,990

============================================================
  CHUNK 120/309
  6 fichiers, 2.35 GB
============================================================
  [1/6] updated_date=2025-11-06\part_0566.gz: 120,522 papers, 1,239 arXiv (5931 p/s)
  [2/6] updated_date=2025-11-06\part_0567.gz: 259,529 papers, 2,662 arXiv (5794 p/s)
  [3/6] updated_date=2025-11-06\part_0568.gz: 259,941 papers, 2,759 arXiv (5780 p/s)
  [4/6] updated_date=2025-11-06\part_0569.gz: 259,302 papers, 2,704 arXiv (5768 p/s)
  [5/6] updated_date=2025-11-06\part_0570.gz: 400,000 papers, 4,423 arXiv (5661 p/s)
  [6/6] updated_date=2025-11-06\part_0571.gz: 378,721 papers, 3,794 arXiv (5774 p/s)

  Chunk 120 terminé: 1,678,015 papers, 17,581 arXiv (291s, 5759 p/s)
  Progression: 120/309 (39%)
  arXiv trouvés: 1,728,571

============================================================
  CHUNK 121/309
  5 fichiers, 2.38 GB
============================================================
  [1/5] updated_date=2025-11-06\part_0572.gz: 400,000 papers, 4,080 arXiv (5666 p/s)
  [2/5] updated_date=2025-11-06\part_0573.gz: 379,719 papers, 4,071 arXiv (5548 p/s)
  [3/5] updated_date=2025-11-06\part_0574.gz: 259,224 papers, 2,596 arXiv (5618 p/s)
  [4/5] updated_date=2025-11-06\part_0575.gz: 258,800 papers, 2,649 arXiv (5635 p/s)
  [5/5] updated_date=2025-11-06\part_0576.gz: 400,000 papers, 4,034 arXiv (5731 p/s)

  Chunk 121 terminé: 1,697,743 papers, 17,430 arXiv (301s, 5641 p/s)
  Progression: 121/309 (39%)
  arXiv trouvés: 1,746,001

============================================================
  CHUNK 122/309
  6 fichiers, 2.35 GB
============================================================
  [1/6] updated_date=2025-11-06\part_0577.gz: 119,040 papers, 1,321 arXiv (5362 p/s)
  [2/6] updated_date=2025-11-06\part_0578.gz: 400,000 papers, 4,323 arXiv (5676 p/s)
  [3/6] updated_date=2025-11-06\part_0579.gz: 378,428 papers, 3,845 arXiv (5612 p/s)
  [4/6] updated_date=2025-11-06\part_0580.gz: 259,026 papers, 2,811 arXiv (5654 p/s)
  [5/6] updated_date=2025-11-06\part_0581.gz: 258,986 papers, 2,720 arXiv (5701 p/s)
  [6/6] updated_date=2025-11-06\part_0582.gz: 259,704 papers, 2,709 arXiv (5681 p/s)

  Chunk 122 terminé: 1,675,184 papers, 17,729 arXiv (297s, 5639 p/s)
  Progression: 122/309 (39%)
  arXiv trouvés: 1,763,730

============================================================
  CHUNK 123/309
  6 fichiers, 2.35 GB
============================================================
  [1/6] updated_date=2025-11-06\part_0583.gz: 259,777 papers, 2,708 arXiv (5748 p/s)
  [2/6] updated_date=2025-11-06\part_0584.gz: 258,204 papers, 2,648 arXiv (5701 p/s)
  [3/6] updated_date=2025-11-06\part_0585.gz: 259,749 papers, 2,733 arXiv (5726 p/s)
  [4/6] updated_date=2025-11-06\part_0586.gz: 258,834 papers, 2,603 arXiv (5723 p/s)
  [5/6] updated_date=2025-11-06\part_0587.gz: 259,602 papers, 2,642 arXiv (5604 p/s)
  [6/6] updated_date=2025-11-06\part_0588.gz: 400,000 papers, 4,149 arXiv (5587 p/s)

  Chunk 123 terminé: 1,696,166 papers, 17,483 arXiv (299s, 5673 p/s)
  Progression: 123/309 (40%)
  arXiv trouvés: 1,781,213

============================================================
  CHUNK 124/309
  7 fichiers, 2.32 GB
============================================================
  [1/7] updated_date=2025-11-06\part_0589.gz: 118,589 papers, 1,289 arXiv (5765 p/s)
  [2/7] updated_date=2025-11-06\part_0590.gz: 259,194 papers, 2,586 arXiv (5612 p/s)
  [3/7] updated_date=2025-11-06\part_0591.gz: 400,000 papers, 4,213 arXiv (5696 p/s)
  [4/7] updated_date=2025-11-06\part_0592.gz: 118,471 papers, 1,244 arXiv (5584 p/s)
  [5/7] updated_date=2025-11-06\part_0593.gz: 259,239 papers, 2,706 arXiv (5681 p/s)
  [6/7] updated_date=2025-11-06\part_0594.gz: 258,815 papers, 2,721 arXiv (5583 p/s)
  [7/7] updated_date=2025-11-06\part_0595.gz: 259,381 papers, 2,619 arXiv (5554 p/s)

  Chunk 124 terminé: 1,673,689 papers, 17,378 arXiv (297s, 5636 p/s)
  Progression: 124/309 (40%)
  arXiv trouvés: 1,798,591

============================================================
  CHUNK 125/309
  6 fichiers, 2.15 GB
============================================================
  [1/6] updated_date=2025-11-06\part_0596.gz: 259,007 papers, 2,707 arXiv (5572 p/s)
  [2/6] updated_date=2025-11-06\part_0597.gz: 259,544 papers, 2,752 arXiv (5591 p/s)
  [3/6] updated_date=2025-11-06\part_0598.gz: 258,658 papers, 2,700 arXiv (5608 p/s)
  [4/6] updated_date=2025-11-06\part_0599.gz: 259,010 papers, 2,700 arXiv (5640 p/s)
  [5/6] updated_date=2025-11-06\part_0600.gz: 260,068 papers, 2,751 arXiv (5674 p/s)
  [6/6] updated_date=2025-11-06\part_0601.gz: 259,096 papers, 2,685 arXiv (5634 p/s)

  Chunk 125 terminé: 1,555,383 papers, 16,295 arXiv (277s, 5617 p/s)
  Progression: 125/309 (40%)
  arXiv trouvés: 1,814,886

============================================================
  CHUNK 126/309
  6 fichiers, 2.16 GB
============================================================
  [1/6] updated_date=2025-11-06\part_0602.gz: 259,884 papers, 2,770 arXiv (5703 p/s)
  [2/6] updated_date=2025-11-06\part_0603.gz: 259,665 papers, 2,780 arXiv (5586 p/s)
  [3/6] updated_date=2025-11-06\part_0604.gz: 259,603 papers, 2,711 arXiv (5564 p/s)
  [4/6] updated_date=2025-11-06\part_0605.gz: 260,001 papers, 2,661 arXiv (5571 p/s)
  [5/6] updated_date=2025-11-06\part_0606.gz: 259,338 papers, 2,699 arXiv (5664 p/s)
  [6/6] updated_date=2025-11-06\part_0607.gz: 258,677 papers, 2,608 arXiv (5653 p/s)

  Chunk 126 terminé: 1,557,168 papers, 16,229 arXiv (277s, 5622 p/s)
  Progression: 126/309 (41%)
  arXiv trouvés: 1,831,115

============================================================
  CHUNK 127/309
  6 fichiers, 2.36 GB
============================================================
  [1/6] updated_date=2025-11-06\part_0608.gz: 260,919 papers, 2,754 arXiv (5688 p/s)
  [2/6] updated_date=2025-11-06\part_0609.gz: 400,000 papers, 4,118 arXiv (5683 p/s)
  [3/6] updated_date=2025-11-06\part_0610.gz: 119,056 papers, 1,274 arXiv (5517 p/s)
  [4/6] updated_date=2025-11-06\part_0611.gz: 259,432 papers, 2,781 arXiv (5731 p/s)
  [5/6] updated_date=2025-11-06\part_0612.gz: 259,625 papers, 2,713 arXiv (5729 p/s)
  [6/6] updated_date=2025-11-06\part_0613.gz: 400,000 papers, 3,879 arXiv (5605 p/s)

  Chunk 127 terminé: 1,699,032 papers, 17,519 arXiv (300s, 5666 p/s)
  Progression: 127/309 (41%)
  arXiv trouvés: 1,848,634

============================================================
  CHUNK 128/309
  7 fichiers, 2.32 GB
============================================================
  [1/7] updated_date=2025-11-06\part_0614.gz: 119,044 papers, 1,572 arXiv (5636 p/s)
  [2/7] updated_date=2025-11-06\part_0615.gz: 258,713 papers, 2,669 arXiv (5556 p/s)
  [3/7] updated_date=2025-11-06\part_0616.gz: 258,658 papers, 2,617 arXiv (5645 p/s)
  [4/7] updated_date=2025-11-06\part_0617.gz: 260,011 papers, 2,675 arXiv (5653 p/s)
  [5/7] updated_date=2025-11-06\part_0618.gz: 259,806 papers, 2,741 arXiv (5673 p/s)
  [6/7] updated_date=2025-11-06\part_0619.gz: 259,563 papers, 2,758 arXiv (5709 p/s)
  [7/7] updated_date=2025-11-06\part_0620.gz: 258,940 papers, 2,771 arXiv (5650 p/s)

  Chunk 128 terminé: 1,674,735 papers, 17,803 arXiv (297s, 5646 p/s)
  Progression: 128/309 (41%)
  arXiv trouvés: 1,866,437

============================================================
  CHUNK 129/309
  6 fichiers, 2.18 GB
============================================================
  [1/6] updated_date=2025-11-06\part_0621.gz: 258,743 papers, 2,680 arXiv (5568 p/s)
  [2/6] updated_date=2025-11-06\part_0622.gz: 258,757 papers, 2,623 arXiv (5657 p/s)
  [3/6] updated_date=2025-11-06\part_0623.gz: 258,319 papers, 2,682 arXiv (5646 p/s)
  [4/6] updated_date=2025-11-06\part_0624.gz: 400,000 papers, 4,129 arXiv (5559 p/s)
  [5/6] updated_date=2025-11-06\part_0625.gz: 119,407 papers, 1,178 arXiv (5720 p/s)
  [6/6] updated_date=2025-11-06\part_0626.gz: 258,788 papers, 2,661 arXiv (5663 p/s)

  Chunk 129 terminé: 1,554,014 papers, 15,953 arXiv (277s, 5620 p/s)
  Progression: 129/309 (42%)
  arXiv trouvés: 1,882,390

============================================================
  CHUNK 130/309
  5 fichiers, 2.01 GB
============================================================
  [1/5] updated_date=2025-11-06\part_0627.gz: 259,238 papers, 2,678 arXiv (5710 p/s)
  [2/5] updated_date=2025-11-06\part_0628.gz: 259,470 papers, 2,709 arXiv (5726 p/s)
  [3/5] updated_date=2025-11-06\part_0629.gz: 258,718 papers, 2,690 arXiv (5699 p/s)
  [4/5] updated_date=2025-11-06\part_0630.gz: 259,999 papers, 2,665 arXiv (5573 p/s)
  [5/5] updated_date=2025-11-06\part_0631.gz: 400,000 papers, 4,139 arXiv (5633 p/s)

  Chunk 130 terminé: 1,437,425 papers, 14,881 arXiv (254s, 5664 p/s)
  Progression: 130/309 (42%)
  arXiv trouvés: 1,897,271

============================================================
  CHUNK 131/309
  6 fichiers, 2.33 GB
============================================================
  [1/6] updated_date=2025-11-06\part_0632.gz: 379,303 papers, 3,895 arXiv (5590 p/s)
  [2/6] updated_date=2025-11-06\part_0633.gz: 259,895 papers, 2,759 arXiv (5594 p/s)
  [3/6] updated_date=2025-11-06\part_0634.gz: 258,641 papers, 2,701 arXiv (5691 p/s)
  [4/6] updated_date=2025-11-06\part_0635.gz: 259,249 papers, 2,752 arXiv (5612 p/s)
  [5/6] updated_date=2025-11-06\part_0636.gz: 260,065 papers, 2,765 arXiv (5619 p/s)
  [6/6] updated_date=2025-11-06\part_0637.gz: 259,763 papers, 2,609 arXiv (5743 p/s)

  Chunk 131 terminé: 1,676,916 papers, 17,481 arXiv (297s, 5637 p/s)
  Progression: 131/309 (42%)
  arXiv trouvés: 1,914,752

============================================================
  CHUNK 132/309
  5 fichiers, 2.18 GB
============================================================
  [1/5] updated_date=2025-11-06\part_0638.gz: 260,188 papers, 2,726 arXiv (5644 p/s)
  [2/5] updated_date=2025-11-06\part_0639.gz: 259,379 papers, 2,780 arXiv (5736 p/s)
  [3/5] updated_date=2025-11-06\part_0640.gz: 258,825 papers, 2,704 arXiv (5638 p/s)
  [4/5] updated_date=2025-11-06\part_0641.gz: 400,000 papers, 4,452 arXiv (5619 p/s)
  [5/5] updated_date=2025-11-06\part_0642.gz: 378,801 papers, 3,669 arXiv (5666 p/s)

  Chunk 132 terminé: 1,557,193 papers, 16,331 arXiv (275s, 5655 p/s)
  Progression: 132/309 (43%)
  arXiv trouvés: 1,931,083

============================================================
  CHUNK 133/309
  5 fichiers, 2.22 GB
============================================================
  [1/5] updated_date=2025-11-06\part_0643.gz: 260,310 papers, 2,678 arXiv (5670 p/s)
  [2/5] updated_date=2025-11-06\part_0644.gz: 400,000 papers, 4,138 arXiv (5561 p/s)
  [3/5] updated_date=2025-11-06\part_0645.gz: 119,038 papers, 1,243 arXiv (5715 p/s)
  [4/5] updated_date=2025-11-06\part_0646.gz: 400,000 papers, 4,565 arXiv (5570 p/s)
  [5/5] updated_date=2025-11-06\part_0647.gz: 400,000 papers, 4,347 arXiv (5684 p/s)

  Chunk 133 terminé: 1,579,348 papers, 16,971 arXiv (281s, 5622 p/s)
  Progression: 133/309 (43%)
  arXiv trouvés: 1,948,054

============================================================
  CHUNK 134/309
  6 fichiers, 2.13 GB
============================================================
  [1/6] updated_date=2025-11-06\part_0648.gz: 400,000 papers, 3,970 arXiv (5602 p/s)
  [2/6] updated_date=2025-11-06\part_0649.gz: 95,902 papers, 776 arXiv (5553 p/s)
  [3/6] updated_date=2025-11-06\part_0650.gz: 259,483 papers, 2,733 arXiv (5659 p/s)
  [4/6] updated_date=2025-11-06\part_0651.gz: 260,641 papers, 2,737 arXiv (5627 p/s)
  [5/6] updated_date=2025-11-06\part_0652.gz: 259,064 papers, 2,730 arXiv (5647 p/s)
  [6/6] updated_date=2025-11-06\part_0653.gz: 258,431 papers, 2,701 arXiv (5630 p/s)

  Chunk 134 terminé: 1,533,521 papers, 15,647 arXiv (273s, 5625 p/s)
  Progression: 134/309 (43%)
  arXiv trouvés: 1,963,701

============================================================
  CHUNK 135/309
  6 fichiers, 2.17 GB
============================================================
  [1/6] updated_date=2025-11-06\part_0654.gz: 259,022 papers, 2,719 arXiv (5531 p/s)
  [2/6] updated_date=2025-11-06\part_0655.gz: 259,782 papers, 2,742 arXiv (5584 p/s)
  [3/6] updated_date=2025-11-06\part_0656.gz: 259,197 papers, 2,696 arXiv (5662 p/s)
  [4/6] updated_date=2025-11-06\part_0657.gz: 259,920 papers, 2,722 arXiv (5783 p/s)
  [5/6] updated_date=2025-11-06\part_0658.gz: 260,227 papers, 2,665 arXiv (5637 p/s)
  [6/6] updated_date=2025-11-06\part_0659.gz: 258,936 papers, 2,705 arXiv (5621 p/s)

  Chunk 135 terminé: 1,557,084 papers, 16,249 arXiv (276s, 5634 p/s)
  Progression: 135/309 (44%)
  arXiv trouvés: 1,979,950

============================================================
  CHUNK 136/309
  6 fichiers, 2.35 GB
============================================================
  [1/6] updated_date=2025-11-06\part_0660.gz: 259,694 papers, 2,725 arXiv (5667 p/s)
  [2/6] updated_date=2025-11-06\part_0661.gz: 259,482 papers, 2,719 arXiv (5578 p/s)
  [3/6] updated_date=2025-11-06\part_0662.gz: 259,438 papers, 2,689 arXiv (5654 p/s)
  [4/6] updated_date=2025-11-06\part_0663.gz: 259,542 papers, 2,737 arXiv (5738 p/s)
  [5/6] updated_date=2025-11-06\part_0664.gz: 258,681 papers, 2,710 arXiv (5765 p/s)
  [6/6] updated_date=2025-11-06\part_0665.gz: 400,000 papers, 4,186 arXiv (5757 p/s)

  Chunk 136 terminé: 1,696,837 papers, 17,766 arXiv (298s, 5696 p/s)
  Progression: 136/309 (44%)
  arXiv trouvés: 1,997,716

============================================================
  CHUNK 137/309
  7 fichiers, 2.33 GB
============================================================
  [1/7] updated_date=2025-11-06\part_0666.gz: 118,434 papers, 1,052 arXiv (5582 p/s)
  [2/7] updated_date=2025-11-06\part_0667.gz: 400,000 papers, 4,308 arXiv (5593 p/s)
  [3/7] updated_date=2025-11-06\part_0668.gz: 119,074 papers, 1,329 arXiv (5839 p/s)
  [4/7] updated_date=2025-11-06\part_0669.gz: 260,331 papers, 2,715 arXiv (5569 p/s)
  [5/7] updated_date=2025-11-06\part_0670.gz: 259,961 papers, 2,708 arXiv (5639 p/s)
  [6/7] updated_date=2025-11-06\part_0671.gz: 259,887 papers, 2,696 arXiv (5710 p/s)
  [7/7] updated_date=2025-11-06\part_0672.gz: 259,253 papers, 2,702 arXiv (5704 p/s)

  Chunk 137 terminé: 1,676,940 papers, 17,510 arXiv (297s, 5646 p/s)
  Progression: 137/309 (44%)
  arXiv trouvés: 2,015,226

============================================================
  CHUNK 138/309
  6 fichiers, 2.17 GB
============================================================
  [1/6] updated_date=2025-11-06\part_0673.gz: 400,000 papers, 4,101 arXiv (5675 p/s)
  [2/6] updated_date=2025-11-06\part_0674.gz: 119,509 papers, 1,411 arXiv (5560 p/s)
  [3/6] updated_date=2025-11-06\part_0675.gz: 258,703 papers, 2,605 arXiv (5651 p/s)
  [4/6] updated_date=2025-11-06\part_0676.gz: 258,268 papers, 2,713 arXiv (5677 p/s)
  [5/6] updated_date=2025-11-06\part_0677.gz: 259,180 papers, 2,651 arXiv (5683 p/s)
  [6/6] updated_date=2025-11-06\part_0678.gz: 259,722 papers, 2,645 arXiv (5700 p/s)

  Chunk 138 terminé: 1,555,382 papers, 16,126 arXiv (275s, 5666 p/s)
  Progression: 138/309 (45%)
  arXiv trouvés: 2,031,352

============================================================
  CHUNK 139/309
  6 fichiers, 2.16 GB
============================================================
  [1/6] updated_date=2025-11-06\part_0679.gz: 259,637 papers, 2,736 arXiv (5658 p/s)
  [2/6] updated_date=2025-11-06\part_0680.gz: 259,048 papers, 2,765 arXiv (5732 p/s)
  [3/6] updated_date=2025-11-06\part_0681.gz: 400,000 papers, 4,303 arXiv (5691 p/s)
  [4/6] updated_date=2025-11-06\part_0682.gz: 120,113 papers, 1,103 arXiv (5846 p/s)
  [5/6] updated_date=2025-11-06\part_0683.gz: 259,520 papers, 2,768 arXiv (5844 p/s)
  [6/6] updated_date=2025-11-06\part_0684.gz: 259,825 papers, 2,651 arXiv (5750 p/s)

  Chunk 139 terminé: 1,558,143 papers, 16,326 arXiv (272s, 5738 p/s)
  Progression: 139/309 (45%)
  arXiv trouvés: 2,047,678

============================================================
  CHUNK 140/309
  6 fichiers, 2.16 GB
============================================================
  [1/6] updated_date=2025-11-06\part_0685.gz: 400,000 papers, 3,961 arXiv (5660 p/s)
  [2/6] updated_date=2025-11-06\part_0686.gz: 119,002 papers, 1,461 arXiv (5595 p/s)
  [3/6] updated_date=2025-11-06\part_0687.gz: 259,554 papers, 2,712 arXiv (5705 p/s)
  [4/6] updated_date=2025-11-06\part_0688.gz: 400,000 papers, 4,300 arXiv (5725 p/s)
  [5/6] updated_date=2025-11-06\part_0689.gz: 119,898 papers, 1,099 arXiv (5629 p/s)
  [6/6] updated_date=2025-11-06\part_0690.gz: 258,439 papers, 2,781 arXiv (5701 p/s)

  Chunk 140 terminé: 1,556,893 papers, 16,314 arXiv (274s, 5683 p/s)
  Progression: 140/309 (45%)
  arXiv trouvés: 2,063,992

============================================================
  CHUNK 141/309
  6 fichiers, 2.16 GB
============================================================
  [1/6] updated_date=2025-11-06\part_0691.gz: 259,987 papers, 2,777 arXiv (5770 p/s)
  [2/6] updated_date=2025-11-06\part_0692.gz: 400,000 papers, 4,310 arXiv (5659 p/s)
  [3/6] updated_date=2025-11-06\part_0693.gz: 119,088 papers, 1,137 arXiv (5628 p/s)
  [4/6] updated_date=2025-11-06\part_0694.gz: 258,819 papers, 2,773 arXiv (5696 p/s)
  [5/6] updated_date=2025-11-06\part_0695.gz: 259,468 papers, 2,690 arXiv (5814 p/s)
  [6/6] updated_date=2025-11-06\part_0696.gz: 259,420 papers, 2,721 arXiv (5765 p/s)

  Chunk 141 terminé: 1,556,782 papers, 16,408 arXiv (272s, 5722 p/s)
  Progression: 141/309 (46%)
  arXiv trouvés: 2,080,400

============================================================
  CHUNK 142/309
  6 fichiers, 2.16 GB
============================================================
  [1/6] updated_date=2025-11-06\part_0697.gz: 259,290 papers, 2,648 arXiv (5666 p/s)
  [2/6] updated_date=2025-11-06\part_0698.gz: 260,000 papers, 2,706 arXiv (5722 p/s)
  [3/6] updated_date=2025-11-06\part_0699.gz: 260,478 papers, 2,603 arXiv (5755 p/s)
  [4/6] updated_date=2025-11-06\part_0700.gz: 260,288 papers, 2,722 arXiv (5714 p/s)
  [5/6] updated_date=2025-11-06\part_0701.gz: 258,683 papers, 2,685 arXiv (5645 p/s)
  [6/6] updated_date=2025-11-06\part_0702.gz: 260,390 papers, 2,696 arXiv (5705 p/s)

  Chunk 142 terminé: 1,559,129 papers, 16,060 arXiv (274s, 5700 p/s)
  Progression: 142/309 (46%)
  arXiv trouvés: 2,096,460

============================================================
  CHUNK 143/309
  6 fichiers, 2.37 GB
============================================================
  [1/6] updated_date=2025-11-06\part_0703.gz: 259,028 papers, 2,801 arXiv (5693 p/s)
  [2/6] updated_date=2025-11-06\part_0704.gz: 259,742 papers, 2,727 arXiv (5716 p/s)
  [3/6] updated_date=2025-11-06\part_0705.gz: 259,624 papers, 2,765 arXiv (5693 p/s)
  [4/6] updated_date=2025-11-06\part_0706.gz: 260,952 papers, 2,740 arXiv (5705 p/s)
  [5/6] updated_date=2025-11-06\part_0707.gz: 259,414 papers, 2,715 arXiv (5567 p/s)
  [6/6] updated_date=2025-11-06\part_0708.gz: 400,000 papers, 3,843 arXiv (5646 p/s)

  Chunk 143 terminé: 1,698,760 papers, 17,591 arXiv (300s, 5666 p/s)
  Progression: 143/309 (46%)
  arXiv trouvés: 2,114,051

============================================================
  CHUNK 144/309
  5 fichiers, 2.37 GB
============================================================
  [1/5] updated_date=2025-11-06\part_0709.gz: 378,114 papers, 4,167 arXiv (5559 p/s)
  [2/5] updated_date=2025-11-06\part_0710.gz: 259,492 papers, 2,733 arXiv (5626 p/s)
  [3/5] updated_date=2025-11-06\part_0711.gz: 259,918 papers, 2,681 arXiv (5732 p/s)
  [4/5] updated_date=2025-11-06\part_0712.gz: 400,000 papers, 4,380 arXiv (5754 p/s)
  [5/5] updated_date=2025-11-06\part_0713.gz: 379,708 papers, 3,656 arXiv (5681 p/s)

  Chunk 144 terminé: 1,677,232 papers, 17,617 arXiv (296s, 5668 p/s)
  Progression: 144/309 (47%)
  arXiv trouvés: 2,131,668

============================================================
  CHUNK 145/309
  5 fichiers, 2.22 GB
============================================================
  [1/5] updated_date=2025-11-06\part_0714.gz: 259,324 papers, 2,653 arXiv (5664 p/s)
  [2/5] updated_date=2025-11-06\part_0715.gz: 259,262 papers, 2,755 arXiv (5719 p/s)
  [3/5] updated_date=2025-11-06\part_0716.gz: 260,152 papers, 2,754 arXiv (5759 p/s)
  [4/5] updated_date=2025-11-06\part_0717.gz: 400,000 papers, 4,289 arXiv (5717 p/s)
  [5/5] updated_date=2025-11-06\part_0718.gz: 400,000 papers, 4,226 arXiv (5621 p/s)

  Chunk 145 terminé: 1,578,738 papers, 16,677 arXiv (277s, 5691 p/s)
  Progression: 145/309 (47%)
  arXiv trouvés: 2,148,345

============================================================
  CHUNK 146/309
  6 fichiers, 2.13 GB
============================================================
  [1/6] updated_date=2025-11-06\part_0719.gz: 237,410 papers, 2,351 arXiv (5532 p/s)
  [2/6] updated_date=2025-11-06\part_0720.gz: 259,825 papers, 2,702 arXiv (5608 p/s)
  [3/6] updated_date=2025-11-06\part_0721.gz: 259,256 papers, 2,640 arXiv (5720 p/s)
  [4/6] updated_date=2025-11-06\part_0722.gz: 259,476 papers, 2,765 arXiv (5702 p/s)
  [5/6] updated_date=2025-11-06\part_0723.gz: 259,138 papers, 2,709 arXiv (5637 p/s)
  [6/6] updated_date=2025-11-06\part_0724.gz: 259,175 papers, 2,596 arXiv (5730 p/s)

  Chunk 146 terminé: 1,534,280 papers, 15,763 arXiv (271s, 5654 p/s)
  Progression: 146/309 (47%)
  arXiv trouvés: 2,164,108

============================================================
  CHUNK 147/309
  5 fichiers, 2.19 GB
============================================================
  [1/5] updated_date=2025-11-06\part_0725.gz: 259,037 papers, 2,766 arXiv (5573 p/s)
  [2/5] updated_date=2025-11-06\part_0726.gz: 400,000 papers, 4,237 arXiv (5590 p/s)
  [3/5] updated_date=2025-11-06\part_0727.gz: 377,483 papers, 3,955 arXiv (5641 p/s)
  [4/5] updated_date=2025-11-06\part_0728.gz: 259,271 papers, 2,742 arXiv (5664 p/s)
  [5/5] updated_date=2025-11-06\part_0729.gz: 259,082 papers, 2,731 arXiv (5640 p/s)

  Chunk 147 terminé: 1,554,873 papers, 16,431 arXiv (277s, 5619 p/s)
  Progression: 147/309 (48%)
  arXiv trouvés: 2,180,539

============================================================
  CHUNK 148/309
  6 fichiers, 2.17 GB
============================================================
  [1/6] updated_date=2025-11-06\part_0730.gz: 400,000 papers, 4,370 arXiv (5700 p/s)
  [2/6] updated_date=2025-11-06\part_0731.gz: 118,553 papers, 1,069 arXiv (5703 p/s)
  [3/6] updated_date=2025-11-06\part_0732.gz: 400,000 papers, 4,168 arXiv (5706 p/s)
  [4/6] updated_date=2025-11-06\part_0733.gz: 119,630 papers, 1,319 arXiv (5599 p/s)
  [5/6] updated_date=2025-11-06\part_0734.gz: 259,760 papers, 2,691 arXiv (5638 p/s)
  [6/6] updated_date=2025-11-06\part_0735.gz: 260,002 papers, 2,680 arXiv (5699 p/s)

  Chunk 148 terminé: 1,557,945 papers, 16,297 arXiv (274s, 5682 p/s)
  Progression: 148/309 (48%)
  arXiv trouvés: 2,196,836

============================================================
  CHUNK 149/309
  6 fichiers, 2.36 GB
============================================================
  [1/6] updated_date=2025-11-06\part_0736.gz: 259,231 papers, 2,683 arXiv (5680 p/s)
  [2/6] updated_date=2025-11-06\part_0737.gz: 400,000 papers, 4,476 arXiv (5707 p/s)
  [3/6] updated_date=2025-11-06\part_0738.gz: 119,230 papers, 1,077 arXiv (5612 p/s)
  [4/6] updated_date=2025-11-06\part_0739.gz: 259,571 papers, 2,689 arXiv (5691 p/s)
  [5/6] updated_date=2025-11-06\part_0740.gz: 259,863 papers, 2,750 arXiv (5655 p/s)
  [6/6] updated_date=2025-11-06\part_0741.gz: 400,000 papers, 4,145 arXiv (5612 p/s)

  Chunk 149 terminé: 1,697,895 papers, 17,820 arXiv (300s, 5661 p/s)
  Progression: 149/309 (48%)
  arXiv trouvés: 2,214,656

============================================================
  CHUNK 150/309
  6 fichiers, 2.17 GB
============================================================
  [1/6] updated_date=2025-11-06\part_0742.gz: 119,522 papers, 1,279 arXiv (5624 p/s)
  [2/6] updated_date=2025-11-06\part_0743.gz: 259,044 papers, 2,607 arXiv (5658 p/s)
  [3/6] updated_date=2025-11-06\part_0744.gz: 258,732 papers, 2,728 arXiv (5680 p/s)
  [4/6] updated_date=2025-11-06\part_0745.gz: 400,000 papers, 4,155 arXiv (5800 p/s)
  [5/6] updated_date=2025-11-06\part_0746.gz: 118,107 papers, 1,256 arXiv (5487 p/s)
  [6/6] updated_date=2025-11-06\part_0747.gz: 400,000 papers, 4,119 arXiv (5599 p/s)

  Chunk 150 terminé: 1,555,405 papers, 16,144 arXiv (275s, 5666 p/s)
  Progression: 150/309 (49%)
  arXiv trouvés: 2,230,800

============================================================
  CHUNK 151/309
  5 fichiers, 2.19 GB
============================================================
  [1/5] updated_date=2025-11-06\part_0748.gz: 118,823 papers, 1,304 arXiv (5593 p/s)
  [2/5] updated_date=2025-11-06\part_0749.gz: 259,617 papers, 2,753 arXiv (5648 p/s)
  [3/5] updated_date=2025-11-06\part_0750.gz: 400,000 papers, 4,120 arXiv (5639 p/s)
  [4/5] updated_date=2025-11-06\part_0751.gz: 378,821 papers, 3,856 arXiv (5588 p/s)
  [5/5] updated_date=2025-11-06\part_0752.gz: 400,000 papers, 4,294 arXiv (5605 p/s)

  Chunk 151 terminé: 1,557,261 papers, 16,327 arXiv (277s, 5615 p/s)
  Progression: 151/309 (49%)
  arXiv trouvés: 2,247,127

============================================================
  CHUNK 152/309
  7 fichiers, 2.54 GB
============================================================
  [1/7] updated_date=2025-11-06\part_0753.gz: 119,463 papers, 1,194 arXiv (5654 p/s)
  [2/7] updated_date=2025-11-06\part_0754.gz: 259,604 papers, 2,776 arXiv (5630 p/s)
  [3/7] updated_date=2025-11-06\part_0755.gz: 400,000 papers, 4,175 arXiv (5711 p/s)
  [4/7] updated_date=2025-11-06\part_0756.gz: 118,606 papers, 1,229 arXiv (5801 p/s)
  [5/7] updated_date=2025-11-06\part_0757.gz: 260,737 papers, 2,731 arXiv (5778 p/s)
  [6/7] updated_date=2025-11-06\part_0758.gz: 259,826 papers, 2,704 arXiv (5660 p/s)
  [7/7] updated_date=2025-11-06\part_0759.gz: 400,000 papers, 4,073 arXiv (5745 p/s)

  Chunk 152 terminé: 1,818,236 papers, 18,882 arXiv (318s, 5710 p/s)
  Progression: 152/309 (49%)
  arXiv trouvés: 2,266,009

============================================================
  CHUNK 153/309
  6 fichiers, 2.32 GB
============================================================
  [1/6] updated_date=2025-11-06\part_0760.gz: 378,770 papers, 4,003 arXiv (5718 p/s)
  [2/6] updated_date=2025-11-06\part_0761.gz: 258,514 papers, 2,732 arXiv (5966 p/s)
  [3/6] updated_date=2025-11-06\part_0762.gz: 260,049 papers, 2,751 arXiv (5858 p/s)
  [4/6] updated_date=2025-11-06\part_0763.gz: 259,178 papers, 2,703 arXiv (5655 p/s)
  [5/6] updated_date=2025-11-06\part_0764.gz: 258,980 papers, 2,622 arXiv (5700 p/s)
  [6/6] updated_date=2025-11-06\part_0765.gz: 258,705 papers, 2,752 arXiv (5565 p/s)

  Chunk 153 terminé: 1,674,196 papers, 17,563 arXiv (292s, 5738 p/s)
  Progression: 153/309 (50%)
  arXiv trouvés: 2,283,572

============================================================
  CHUNK 154/309
  6 fichiers, 2.16 GB
============================================================
  [1/6] updated_date=2025-11-06\part_0766.gz: 259,594 papers, 2,677 arXiv (5652 p/s)
  [2/6] updated_date=2025-11-06\part_0767.gz: 259,623 papers, 2,802 arXiv (5643 p/s)
  [3/6] updated_date=2025-11-06\part_0768.gz: 400,000 papers, 4,124 arXiv (5636 p/s)
  [4/6] updated_date=2025-11-06\part_0769.gz: 119,469 papers, 1,309 arXiv (5668 p/s)
  [5/6] updated_date=2025-11-06\part_0770.gz: 259,082 papers, 2,634 arXiv (5732 p/s)
  [6/6] updated_date=2025-11-06\part_0771.gz: 259,389 papers, 2,721 arXiv (5787 p/s)

  Chunk 154 terminé: 1,557,157 papers, 16,267 arXiv (274s, 5680 p/s)
  Progression: 154/309 (50%)
  arXiv trouvés: 2,299,839

============================================================
  CHUNK 155/309
  5 fichiers, 2.17 GB
============================================================
  [1/5] updated_date=2025-11-06\part_0772.gz: 259,308 papers, 2,663 arXiv (5700 p/s)
  [2/5] updated_date=2025-11-06\part_0773.gz: 258,661 papers, 2,719 arXiv (5677 p/s)
  [3/5] updated_date=2025-11-06\part_0774.gz: 400,000 papers, 4,095 arXiv (5644 p/s)
  [4/5] updated_date=2025-11-06\part_0775.gz: 377,905 papers, 3,960 arXiv (5818 p/s)
  [5/5] updated_date=2025-11-06\part_0776.gz: 259,598 papers, 2,791 arXiv (5769 p/s)

  Chunk 155 terminé: 1,555,472 papers, 16,228 arXiv (272s, 5721 p/s)
  Progression: 155/309 (50%)
  arXiv trouvés: 2,316,067

============================================================
  CHUNK 156/309
  6 fichiers, 2.16 GB
============================================================
  [1/6] updated_date=2025-11-06\part_0777.gz: 259,831 papers, 2,668 arXiv (5648 p/s)
  [2/6] updated_date=2025-11-06\part_0778.gz: 259,114 papers, 2,629 arXiv (5677 p/s)
  [3/6] updated_date=2025-11-06\part_0779.gz: 259,323 papers, 2,619 arXiv (5639 p/s)
  [4/6] updated_date=2025-11-06\part_0780.gz: 259,393 papers, 2,686 arXiv (5707 p/s)
  [5/6] updated_date=2025-11-06\part_0781.gz: 259,561 papers, 2,660 arXiv (5676 p/s)
  [6/6] updated_date=2025-11-06\part_0782.gz: 259,338 papers, 2,743 arXiv (5717 p/s)

  Chunk 156 terminé: 1,556,560 papers, 16,005 arXiv (274s, 5675 p/s)
  Progression: 156/309 (50%)
  arXiv trouvés: 2,332,072

============================================================
  CHUNK 157/309
  6 fichiers, 2.38 GB
============================================================
  [1/6] updated_date=2025-11-06\part_0783.gz: 400,000 papers, 4,196 arXiv (5648 p/s)
  [2/6] updated_date=2025-11-06\part_0784.gz: 118,411 papers, 1,112 arXiv (5840 p/s)
  [3/6] updated_date=2025-11-06\part_0785.gz: 400,000 papers, 4,146 arXiv (5715 p/s)
  [4/6] updated_date=2025-11-06\part_0786.gz: 119,347 papers, 1,328 arXiv (5652 p/s)
  [5/6] updated_date=2025-11-06\part_0787.gz: 258,849 papers, 2,740 arXiv (5629 p/s)
  [6/6] updated_date=2025-11-06\part_0788.gz: 400,000 papers, 4,259 arXiv (5597 p/s)

  Chunk 157 terminé: 1,696,607 papers, 17,781 arXiv (300s, 5661 p/s)
  Progression: 157/309 (51%)
  arXiv trouvés: 2,349,853

============================================================
  CHUNK 158/309
  7 fichiers, 2.33 GB
============================================================
  [1/7] updated_date=2025-11-06\part_0789.gz: 117,632 papers, 1,234 arXiv (5800 p/s)
  [2/7] updated_date=2025-11-06\part_0790.gz: 260,040 papers, 2,702 arXiv (5644 p/s)
  [3/7] updated_date=2025-11-06\part_0791.gz: 259,652 papers, 2,687 arXiv (5612 p/s)
  [4/7] updated_date=2025-11-06\part_0792.gz: 400,000 papers, 4,173 arXiv (5643 p/s)
  [5/7] updated_date=2025-11-06\part_0793.gz: 119,090 papers, 1,185 arXiv (5648 p/s)
  [6/7] updated_date=2025-11-06\part_0794.gz: 259,427 papers, 2,639 arXiv (5634 p/s)
  [7/7] updated_date=2025-11-06\part_0795.gz: 259,672 papers, 2,676 arXiv (5605 p/s)

  Chunk 158 terminé: 1,675,513 papers, 17,296 arXiv (297s, 5640 p/s)
  Progression: 158/309 (51%)
  arXiv trouvés: 2,367,149

============================================================
  CHUNK 159/309
  6 fichiers, 2.17 GB
============================================================
  [1/6] updated_date=2025-11-06\part_0796.gz: 259,670 papers, 2,711 arXiv (5664 p/s)
  [2/6] updated_date=2025-11-06\part_0797.gz: 259,622 papers, 2,677 arXiv (5693 p/s)
  [3/6] updated_date=2025-11-06\part_0798.gz: 400,000 papers, 4,240 arXiv (5737 p/s)
  [4/6] updated_date=2025-11-06\part_0799.gz: 119,627 papers, 1,260 arXiv (5758 p/s)
  [5/6] updated_date=2025-11-06\part_0800.gz: 259,551 papers, 2,729 arXiv (5595 p/s)
  [6/6] updated_date=2025-11-06\part_0801.gz: 259,751 papers, 2,698 arXiv (5685 p/s)

  Chunk 159 terminé: 1,558,221 papers, 16,315 arXiv (274s, 5685 p/s)
  Progression: 159/309 (51%)
  arXiv trouvés: 2,383,464

============================================================
  CHUNK 160/309
  6 fichiers, 2.16 GB
============================================================
  [1/6] updated_date=2025-11-06\part_0802.gz: 400,000 papers, 4,169 arXiv (5669 p/s)
  [2/6] updated_date=2025-11-06\part_0803.gz: 119,248 papers, 1,159 arXiv (5576 p/s)
  [3/6] updated_date=2025-11-06\part_0804.gz: 259,254 papers, 2,659 arXiv (5609 p/s)
  [4/6] updated_date=2025-11-06\part_0805.gz: 400,000 papers, 4,037 arXiv (5699 p/s)
  [5/6] updated_date=2025-11-06\part_0806.gz: 118,944 papers, 1,192 arXiv (5632 p/s)
  [6/6] updated_date=2025-11-06\part_0807.gz: 259,661 papers, 2,717 arXiv (5816 p/s)

  Chunk 160 terminé: 1,557,107 papers, 15,933 arXiv (274s, 5680 p/s)
  Progression: 160/309 (52%)
  arXiv trouvés: 2,399,397

============================================================
  CHUNK 161/309
  6 fichiers, 2.16 GB
============================================================
  [1/6] updated_date=2025-11-06\part_0808.gz: 400,000 papers, 4,092 arXiv (5664 p/s)
  [2/6] updated_date=2025-11-06\part_0809.gz: 118,652 papers, 1,299 arXiv (5522 p/s)
  [3/6] updated_date=2025-11-06\part_0810.gz: 259,339 papers, 2,700 arXiv (5608 p/s)
  [4/6] updated_date=2025-11-06\part_0811.gz: 259,437 papers, 2,629 arXiv (5651 p/s)
  [5/6] updated_date=2025-11-06\part_0812.gz: 260,244 papers, 2,854 arXiv (5674 p/s)
  [6/6] updated_date=2025-11-06\part_0813.gz: 259,787 papers, 2,701 arXiv (5621 p/s)

  Chunk 161 terminé: 1,557,459 papers, 16,275 arXiv (276s, 5634 p/s)
  Progression: 161/309 (52%)
  arXiv trouvés: 2,415,672

============================================================
  CHUNK 162/309
  6 fichiers, 2.38 GB
============================================================
  [1/6] updated_date=2025-11-06\part_0814.gz: 259,656 papers, 2,714 arXiv (5606 p/s)
  [2/6] updated_date=2025-11-06\part_0815.gz: 259,844 papers, 2,737 arXiv (5701 p/s)
  [3/6] updated_date=2025-11-06\part_0816.gz: 400,000 papers, 4,325 arXiv (5617 p/s)
  [4/6] updated_date=2025-11-06\part_0817.gz: 120,116 papers, 1,144 arXiv (5677 p/s)
  [5/6] updated_date=2025-11-06\part_0818.gz: 260,235 papers, 2,699 arXiv (5672 p/s)
  [6/6] updated_date=2025-11-06\part_0819.gz: 400,000 papers, 4,326 arXiv (5535 p/s)

  Chunk 162 terminé: 1,699,851 papers, 17,945 arXiv (302s, 5620 p/s)
  Progression: 162/309 (52%)
  arXiv trouvés: 2,433,617

============================================================
  CHUNK 163/309
  4 fichiers, 2.20 GB
============================================================
  [1/4] updated_date=2025-11-06\part_0820.gz: 379,435 papers, 3,663 arXiv (5748 p/s)
  [2/4] updated_date=2025-11-06\part_0821.gz: 400,000 papers, 4,237 arXiv (5718 p/s)
  [3/4] updated_date=2025-11-06\part_0822.gz: 378,321 papers, 4,134 arXiv (5701 p/s)
  [4/4] updated_date=2025-11-06\part_0823.gz: 400,000 papers, 4,382 arXiv (5690 p/s)

  Chunk 163 terminé: 1,557,756 papers, 16,416 arXiv (273s, 5713 p/s)
  Progression: 163/309 (53%)
  arXiv trouvés: 2,450,033

============================================================
  CHUNK 164/309
  6 fichiers, 2.33 GB
============================================================
  [1/6] updated_date=2025-11-06\part_0824.gz: 378,450 papers, 3,750 arXiv (5656 p/s)
  [2/6] updated_date=2025-11-06\part_0825.gz: 400,000 papers, 4,310 arXiv (5555 p/s)
  [3/6] updated_date=2025-11-06\part_0826.gz: 118,814 papers, 1,105 arXiv (5816 p/s)
  [4/6] updated_date=2025-11-06\part_0827.gz: 260,120 papers, 2,816 arXiv (5744 p/s)
  [5/6] updated_date=2025-11-06\part_0828.gz: 259,426 papers, 2,691 arXiv (5592 p/s)
  [6/6] updated_date=2025-11-06\part_0829.gz: 258,654 papers, 2,727 arXiv (5629 p/s)

  Chunk 164 terminé: 1,675,464 papers, 17,399 arXiv (297s, 5640 p/s)
  Progression: 164/309 (53%)
  arXiv trouvés: 2,467,432

============================================================
  CHUNK 165/309
  5 fichiers, 2.19 GB
============================================================
  [1/5] updated_date=2025-11-06\part_0830.gz: 258,921 papers, 2,672 arXiv (5663 p/s)
  [2/5] updated_date=2025-11-06\part_0831.gz: 259,352 papers, 2,732 arXiv (5638 p/s)
  [3/5] updated_date=2025-11-06\part_0832.gz: 400,000 papers, 4,354 arXiv (5710 p/s)
  [4/5] updated_date=2025-11-06\part_0833.gz: 400,000 papers, 4,239 arXiv (5486 p/s)
  [5/5] updated_date=2025-11-06\part_0834.gz: 240,139 papers, 2,199 arXiv (5702 p/s)

  Chunk 165 terminé: 1,558,412 papers, 16,196 arXiv (277s, 5630 p/s)
  Progression: 165/309 (53%)
  arXiv trouvés: 2,483,628

============================================================
  CHUNK 166/309
  5 fichiers, 2.18 GB
============================================================
  [1/5] updated_date=2025-11-06\part_0835.gz: 259,505 papers, 2,639 arXiv (5619 p/s)
  [2/5] updated_date=2025-11-06\part_0836.gz: 259,992 papers, 2,708 arXiv (5649 p/s)
  [3/5] updated_date=2025-11-06\part_0837.gz: 400,000 papers, 4,150 arXiv (5601 p/s)
  [4/5] updated_date=2025-11-06\part_0838.gz: 377,444 papers, 3,866 arXiv (5595 p/s)
  [5/5] updated_date=2025-11-06\part_0839.gz: 260,244 papers, 2,752 arXiv (5642 p/s)

  Chunk 166 terminé: 1,557,185 papers, 16,115 arXiv (277s, 5616 p/s)
  Progression: 166/309 (54%)
  arXiv trouvés: 2,499,743

============================================================
  CHUNK 167/309
  6 fichiers, 2.17 GB
============================================================
  [1/6] updated_date=2025-11-06\part_0840.gz: 400,000 papers, 4,190 arXiv (5688 p/s)
  [2/6] updated_date=2025-11-06\part_0841.gz: 118,378 papers, 1,219 arXiv (5581 p/s)
  [3/6] updated_date=2025-11-06\part_0842.gz: 258,263 papers, 2,691 arXiv (5852 p/s)
  [4/6] updated_date=2025-11-06\part_0843.gz: 259,682 papers, 2,694 arXiv (5672 p/s)
  [5/6] updated_date=2025-11-06\part_0844.gz: 258,770 papers, 2,748 arXiv (5691 p/s)
  [6/6] updated_date=2025-11-06\part_0845.gz: 259,082 papers, 2,729 arXiv (5654 p/s)

  Chunk 167 terminé: 1,554,175 papers, 16,271 arXiv (273s, 5697 p/s)
  Progression: 167/309 (54%)
  arXiv trouvés: 2,516,014

============================================================
  CHUNK 168/309
  6 fichiers, 2.16 GB
============================================================
  [1/6] updated_date=2025-11-06\part_0846.gz: 259,307 papers, 2,600 arXiv (5655 p/s)
  [2/6] updated_date=2025-11-06\part_0847.gz: 260,449 papers, 2,600 arXiv (5698 p/s)
  [3/6] updated_date=2025-11-06\part_0848.gz: 400,000 papers, 4,179 arXiv (5705 p/s)
  [4/6] updated_date=2025-11-06\part_0849.gz: 118,270 papers, 1,280 arXiv (5822 p/s)
  [5/6] updated_date=2025-11-06\part_0850.gz: 259,760 papers, 2,788 arXiv (5651 p/s)
  [6/6] updated_date=2025-11-06\part_0851.gz: 259,769 papers, 2,661 arXiv (5653 p/s)

  Chunk 168 terminé: 1,557,555 papers, 16,108 arXiv (274s, 5685 p/s)
  Progression: 168/309 (54%)
  arXiv trouvés: 2,532,122

============================================================
  CHUNK 169/309
  6 fichiers, 2.37 GB
============================================================
  [1/6] updated_date=2025-11-06\part_0852.gz: 258,898 papers, 2,683 arXiv (5632 p/s)
  [2/6] updated_date=2025-11-06\part_0853.gz: 259,436 papers, 2,731 arXiv (5629 p/s)
  [3/6] updated_date=2025-11-06\part_0854.gz: 400,000 papers, 4,141 arXiv (5710 p/s)
  [4/6] updated_date=2025-11-06\part_0855.gz: 117,622 papers, 1,199 arXiv (5550 p/s)
  [5/6] updated_date=2025-11-06\part_0856.gz: 259,548 papers, 2,763 arXiv (5655 p/s)
  [6/6] updated_date=2025-11-06\part_0857.gz: 400,000 papers, 4,159 arXiv (5667 p/s)

  Chunk 169 terminé: 1,695,504 papers, 17,676 arXiv (300s, 5654 p/s)
  Progression: 169/309 (55%)
  arXiv trouvés: 2,549,798

============================================================
  CHUNK 170/309
  6 fichiers, 2.35 GB
============================================================
  [1/6] updated_date=2025-11-06\part_0858.gz: 118,404 papers, 1,214 arXiv (5651 p/s)
  [2/6] updated_date=2025-11-06\part_0859.gz: 258,919 papers, 2,712 arXiv (5690 p/s)
  [3/6] updated_date=2025-11-06\part_0860.gz: 400,000 papers, 4,100 arXiv (5647 p/s)
  [4/6] updated_date=2025-11-06\part_0861.gz: 377,077 papers, 3,968 arXiv (5545 p/s)
  [5/6] updated_date=2025-11-06\part_0862.gz: 258,972 papers, 2,715 arXiv (5608 p/s)
  [6/6] updated_date=2025-11-06\part_0863.gz: 260,322 papers, 2,798 arXiv (5696 p/s)

  Chunk 170 terminé: 1,673,694 papers, 17,507 arXiv (297s, 5631 p/s)
  Progression: 170/309 (55%)
  arXiv trouvés: 2,567,305

============================================================
  CHUNK 171/309
  6 fichiers, 2.17 GB
============================================================
  [1/6] updated_date=2025-11-06\part_0864.gz: 400,000 papers, 4,178 arXiv (5622 p/s)
  [2/6] updated_date=2025-11-06\part_0865.gz: 118,851 papers, 1,271 arXiv (5808 p/s)
  [3/6] updated_date=2025-11-06\part_0866.gz: 259,865 papers, 2,768 arXiv (5638 p/s)
  [4/6] updated_date=2025-11-06\part_0867.gz: 400,000 papers, 3,915 arXiv (5692 p/s)
  [5/6] updated_date=2025-11-06\part_0868.gz: 119,762 papers, 1,421 arXiv (5646 p/s)
  [6/6] updated_date=2025-11-06\part_0869.gz: 259,955 papers, 2,686 arXiv (5763 p/s)

  Chunk 171 terminé: 1,558,433 papers, 16,239 arXiv (274s, 5680 p/s)
  Progression: 171/309 (55%)
  arXiv trouvés: 2,583,544

============================================================
  CHUNK 172/309
  4 fichiers, 2.06 GB
============================================================
  [1/4] updated_date=2025-11-06\part_0870.gz: 259,789 papers, 2,716 arXiv (5642 p/s)
  [2/4] updated_date=2025-11-06\part_0871.gz: 400,000 papers, 4,025 arXiv (5567 p/s)
  [3/4] updated_date=2025-11-06\part_0872.gz: 400,000 papers, 4,057 arXiv (5646 p/s)
  [4/4] updated_date=2025-11-06\part_0873.gz: 400,000 papers, 4,564 arXiv (5584 p/s)

  Chunk 172 terminé: 1,459,789 papers, 15,362 arXiv (260s, 5606 p/s)
  Progression: 172/309 (56%)
  arXiv trouvés: 2,598,906

============================================================
  CHUNK 173/309
  7 fichiers, 2.31 GB
============================================================
  [1/7] updated_date=2025-11-06\part_0874.gz: 95,863 papers, 848 arXiv (5657 p/s)
  [2/7] updated_date=2025-11-06\part_0875.gz: 258,933 papers, 2,693 arXiv (5656 p/s)
  [3/7] updated_date=2025-11-06\part_0876.gz: 258,952 papers, 2,709 arXiv (5698 p/s)
  [4/7] updated_date=2025-11-06\part_0877.gz: 258,500 papers, 2,748 arXiv (5666 p/s)
  [5/7] updated_date=2025-11-06\part_0878.gz: 259,624 papers, 2,731 arXiv (5644 p/s)
  [6/7] updated_date=2025-11-06\part_0879.gz: 259,315 papers, 2,730 arXiv (5555 p/s)
  [7/7] updated_date=2025-11-06\part_0880.gz: 260,359 papers, 2,744 arXiv (5643 p/s)

  Chunk 173 terminé: 1,651,546 papers, 17,203 arXiv (293s, 5644 p/s)
  Progression: 173/309 (56%)
  arXiv trouvés: 2,616,109

============================================================
  CHUNK 174/309
  6 fichiers, 2.16 GB
============================================================
  [1/6] updated_date=2025-11-06\part_0881.gz: 259,142 papers, 2,650 arXiv (5698 p/s)
  [2/6] updated_date=2025-11-06\part_0882.gz: 260,609 papers, 2,691 arXiv (5703 p/s)
  [3/6] updated_date=2025-11-06\part_0883.gz: 259,534 papers, 2,719 arXiv (5735 p/s)
  [4/6] updated_date=2025-11-06\part_0884.gz: 260,692 papers, 2,659 arXiv (5629 p/s)
  [5/6] updated_date=2025-11-06\part_0885.gz: 400,000 papers, 4,283 arXiv (5761 p/s)
  [6/6] updated_date=2025-11-06\part_0886.gz: 118,903 papers, 1,165 arXiv (5585 p/s)

  Chunk 174 terminé: 1,558,880 papers, 16,167 arXiv (274s, 5699 p/s)
  Progression: 174/309 (56%)
  arXiv trouvés: 2,632,276

============================================================
  CHUNK 175/309
  6 fichiers, 2.16 GB
============================================================
  [1/6] updated_date=2025-11-06\part_0887.gz: 258,621 papers, 2,761 arXiv (5651 p/s)
  [2/6] updated_date=2025-11-06\part_0888.gz: 260,313 papers, 2,660 arXiv (5744 p/s)
  [3/6] updated_date=2025-11-06\part_0889.gz: 260,435 papers, 2,580 arXiv (5636 p/s)
  [4/6] updated_date=2025-11-06\part_0890.gz: 259,797 papers, 2,669 arXiv (5673 p/s)
  [5/6] updated_date=2025-11-06\part_0891.gz: 259,094 papers, 2,798 arXiv (5688 p/s)
  [6/6] updated_date=2025-11-06\part_0892.gz: 259,961 papers, 2,812 arXiv (5691 p/s)

  Chunk 175 terminé: 1,558,221 papers, 16,280 arXiv (274s, 5679 p/s)
  Progression: 175/309 (57%)
  arXiv trouvés: 2,648,556

============================================================
  CHUNK 176/309
  6 fichiers, 2.17 GB
============================================================
  [1/6] updated_date=2025-11-06\part_0893.gz: 259,608 papers, 2,638 arXiv (5586 p/s)
  [2/6] updated_date=2025-11-06\part_0894.gz: 400,000 papers, 4,133 arXiv (5658 p/s)
  [3/6] updated_date=2025-11-06\part_0895.gz: 118,076 papers, 1,229 arXiv (5477 p/s)
  [4/6] updated_date=2025-11-06\part_0896.gz: 400,000 papers, 4,328 arXiv (5604 p/s)
  [5/6] updated_date=2025-11-06\part_0897.gz: 119,146 papers, 1,092 arXiv (5612 p/s)
  [6/6] updated_date=2025-11-06\part_0898.gz: 260,452 papers, 2,737 arXiv (5622 p/s)

  Chunk 176 terminé: 1,557,282 papers, 16,157 arXiv (278s, 5607 p/s)
  Progression: 176/309 (57%)
  arXiv trouvés: 2,664,713

============================================================
  CHUNK 177/309
  6 fichiers, 2.18 GB
============================================================
  [1/6] updated_date=2025-11-06\part_0899.gz: 260,144 papers, 2,663 arXiv (5551 p/s)
  [2/6] updated_date=2025-11-06\part_0900.gz: 259,817 papers, 2,703 arXiv (5645 p/s)
  [3/6] updated_date=2025-11-06\part_0901.gz: 400,000 papers, 4,095 arXiv (5613 p/s)
  [4/6] updated_date=2025-11-06\part_0902.gz: 118,812 papers, 1,244 arXiv (5844 p/s)
  [5/6] updated_date=2025-11-06\part_0903.gz: 259,512 papers, 2,703 arXiv (5655 p/s)
  [6/6] updated_date=2025-11-06\part_0904.gz: 259,867 papers, 2,756 arXiv (5698 p/s)

  Chunk 177 terminé: 1,558,152 papers, 16,164 arXiv (276s, 5644 p/s)
  Progression: 177/309 (57%)
  arXiv trouvés: 2,680,877

============================================================
  CHUNK 178/309
  5 fichiers, 2.18 GB
============================================================
  [1/5] updated_date=2025-11-06\part_0905.gz: 260,474 papers, 2,719 arXiv (5718 p/s)
  [2/5] updated_date=2025-11-06\part_0906.gz: 259,324 papers, 2,677 arXiv (5706 p/s)
  [3/5] updated_date=2025-11-06\part_0907.gz: 400,000 papers, 4,294 arXiv (5561 p/s)
  [4/5] updated_date=2025-11-06\part_0908.gz: 378,331 papers, 3,744 arXiv (5570 p/s)
  [5/5] updated_date=2025-11-06\part_0909.gz: 259,246 papers, 2,708 arXiv (5620 p/s)

  Chunk 178 terminé: 1,557,375 papers, 16,142 arXiv (277s, 5620 p/s)
  Progression: 178/309 (58%)
  arXiv trouvés: 2,697,019

============================================================
  CHUNK 179/309
  5 fichiers, 2.18 GB
============================================================
  [1/5] updated_date=2025-11-06\part_0910.gz: 259,780 papers, 2,785 arXiv (5639 p/s)
  [2/5] updated_date=2025-11-06\part_0911.gz: 259,544 papers, 2,665 arXiv (5616 p/s)
  [3/5] updated_date=2025-11-06\part_0912.gz: 400,000 papers, 4,231 arXiv (5531 p/s)
  [4/5] updated_date=2025-11-06\part_0913.gz: 377,902 papers, 3,970 arXiv (5694 p/s)
  [5/5] updated_date=2025-11-06\part_0914.gz: 259,533 papers, 2,789 arXiv (5641 p/s)

  Chunk 179 terminé: 1,556,759 papers, 16,440 arXiv (277s, 5619 p/s)
  Progression: 179/309 (58%)
  arXiv trouvés: 2,713,459

============================================================
  CHUNK 180/309
  6 fichiers, 2.16 GB
============================================================
  [1/6] updated_date=2025-11-06\part_0915.gz: 259,008 papers, 2,696 arXiv (5646 p/s)
  [2/6] updated_date=2025-11-06\part_0916.gz: 259,353 papers, 2,719 arXiv (5478 p/s)
  [3/6] updated_date=2025-11-06\part_0917.gz: 259,169 papers, 2,572 arXiv (5591 p/s)
  [4/6] updated_date=2025-11-06\part_0918.gz: 260,216 papers, 2,663 arXiv (5582 p/s)
  [5/6] updated_date=2025-11-06\part_0919.gz: 260,264 papers, 2,736 arXiv (5574 p/s)
  [6/6] updated_date=2025-11-06\part_0920.gz: 259,664 papers, 2,705 arXiv (5564 p/s)

  Chunk 180 terminé: 1,557,674 papers, 16,091 arXiv (280s, 5569 p/s)
  Progression: 180/309 (58%)
  arXiv trouvés: 2,729,550

============================================================
  CHUNK 181/309
  6 fichiers, 2.16 GB
============================================================
  [1/6] updated_date=2025-11-06\part_0921.gz: 259,466 papers, 2,736 arXiv (5612 p/s)
  [2/6] updated_date=2025-11-06\part_0922.gz: 259,694 papers, 2,737 arXiv (5565 p/s)
  [3/6] updated_date=2025-11-06\part_0923.gz: 259,351 papers, 2,757 arXiv (5636 p/s)
  [4/6] updated_date=2025-11-06\part_0924.gz: 259,238 papers, 2,748 arXiv (5607 p/s)
  [5/6] updated_date=2025-11-06\part_0925.gz: 258,543 papers, 2,684 arXiv (5568 p/s)
  [6/6] updated_date=2025-11-06\part_0926.gz: 259,296 papers, 2,755 arXiv (5592 p/s)

  Chunk 181 terminé: 1,555,588 papers, 16,417 arXiv (278s, 5593 p/s)
  Progression: 181/309 (59%)
  arXiv trouvés: 2,745,967

============================================================
  CHUNK 182/309
  6 fichiers, 2.16 GB
============================================================
  [1/6] updated_date=2025-11-06\part_0927.gz: 259,682 papers, 2,721 arXiv (5448 p/s)
  [2/6] updated_date=2025-11-06\part_0928.gz: 400,000 papers, 4,387 arXiv (5488 p/s)
  [3/6] updated_date=2025-11-06\part_0929.gz: 119,043 papers, 1,173 arXiv (5725 p/s)
  [4/6] updated_date=2025-11-06\part_0930.gz: 259,036 papers, 2,749 arXiv (5653 p/s)
  [5/6] updated_date=2025-11-06\part_0931.gz: 260,101 papers, 2,737 arXiv (5691 p/s)
  [6/6] updated_date=2025-11-06\part_0932.gz: 259,461 papers, 2,640 arXiv (5704 p/s)

  Chunk 182 terminé: 1,557,323 papers, 16,407 arXiv (279s, 5592 p/s)
  Progression: 182/309 (59%)
  arXiv trouvés: 2,762,374

============================================================
  CHUNK 183/309
  5 fichiers, 2.00 GB
============================================================
  [1/5] updated_date=2025-11-06\part_0933.gz: 259,621 papers, 2,676 arXiv (5574 p/s)
  [2/5] updated_date=2025-11-06\part_0934.gz: 259,514 papers, 2,706 arXiv (5671 p/s)
  [3/5] updated_date=2025-11-06\part_0935.gz: 400,000 papers, 3,964 arXiv (5515 p/s)
  [4/5] updated_date=2025-11-06\part_0936.gz: 119,270 papers, 1,390 arXiv (5520 p/s)
  [5/5] updated_date=2025-11-06\part_0937.gz: 400,000 papers, 4,100 arXiv (5653 p/s)

  Chunk 183 terminé: 1,438,405 papers, 14,836 arXiv (257s, 5589 p/s)
  Progression: 183/309 (59%)
  arXiv trouvés: 2,777,210

============================================================
  CHUNK 184/309
  7 fichiers, 2.35 GB
============================================================
  [1/7] updated_date=2025-11-06\part_0938.gz: 118,367 papers, 1,328 arXiv (5687 p/s)
  [2/7] updated_date=2025-11-06\part_0939.gz: 259,647 papers, 2,786 arXiv (5597 p/s)
  [3/7] updated_date=2025-11-06\part_0940.gz: 260,396 papers, 2,788 arXiv (5359 p/s)
  [4/7] updated_date=2025-11-06\part_0941.gz: 400,000 papers, 3,958 arXiv (5597 p/s)
  [5/7] updated_date=2025-11-06\part_0942.gz: 118,036 papers, 1,262 arXiv (5670 p/s)
  [6/7] updated_date=2025-11-06\part_0943.gz: 259,172 papers, 2,695 arXiv (5552 p/s)
  [7/7] updated_date=2025-11-06\part_0944.gz: 260,209 papers, 2,734 arXiv (5539 p/s)

  Chunk 184 terminé: 1,675,827 papers, 17,551 arXiv (302s, 5552 p/s)
  Progression: 184/309 (60%)
  arXiv trouvés: 2,794,761

============================================================
  CHUNK 185/309
  5 fichiers, 2.00 GB
============================================================
  [1/5] updated_date=2025-11-06\part_0945.gz: 259,588 papers, 2,790 arXiv (5658 p/s)
  [2/5] updated_date=2025-11-06\part_0946.gz: 400,000 papers, 4,148 arXiv (5624 p/s)
  [3/5] updated_date=2025-11-06\part_0947.gz: 118,563 papers, 1,221 arXiv (5577 p/s)
  [4/5] updated_date=2025-11-06\part_0948.gz: 259,455 papers, 2,596 arXiv (5672 p/s)
  [5/5] updated_date=2025-11-06\part_0949.gz: 400,000 papers, 4,070 arXiv (5671 p/s)

  Chunk 185 terminé: 1,437,606 papers, 14,825 arXiv (255s, 5645 p/s)
  Progression: 185/309 (60%)
  arXiv trouvés: 2,809,586

============================================================
  CHUNK 186/309
  7 fichiers, 2.33 GB
============================================================
  [1/7] updated_date=2025-11-06\part_0950.gz: 119,068 papers, 1,370 arXiv (5643 p/s)
  [2/7] updated_date=2025-11-06\part_0951.gz: 400,000 papers, 4,014 arXiv (5709 p/s)
  [3/7] updated_date=2025-11-06\part_0952.gz: 118,446 papers, 1,466 arXiv (5795 p/s)
  [4/7] updated_date=2025-11-06\part_0953.gz: 260,046 papers, 2,683 arXiv (5767 p/s)
  [5/7] updated_date=2025-11-06\part_0954.gz: 400,000 papers, 4,164 arXiv (5655 p/s)
  [6/7] updated_date=2025-11-06\part_0955.gz: 119,448 papers, 1,257 arXiv (5690 p/s)
  [7/7] updated_date=2025-11-06\part_0956.gz: 258,937 papers, 2,741 arXiv (5708 p/s)

  Chunk 186 terminé: 1,675,945 papers, 17,695 arXiv (294s, 5703 p/s)
  Progression: 186/309 (60%)
  arXiv trouvés: 2,827,281

============================================================
  CHUNK 187/309
  6 fichiers, 2.16 GB
============================================================
  [1/6] updated_date=2025-11-06\part_0957.gz: 259,686 papers, 2,758 arXiv (5666 p/s)
  [2/6] updated_date=2025-11-06\part_0958.gz: 400,000 papers, 4,350 arXiv (5634 p/s)
  [3/6] updated_date=2025-11-06\part_0959.gz: 118,751 papers, 1,018 arXiv (5548 p/s)
  [4/6] updated_date=2025-11-06\part_0960.gz: 259,300 papers, 2,774 arXiv (5664 p/s)
  [5/6] updated_date=2025-11-06\part_0961.gz: 400,000 papers, 4,081 arXiv (5648 p/s)
  [6/6] updated_date=2025-11-06\part_0962.gz: 117,984 papers, 1,214 arXiv (5534 p/s)

  Chunk 187 terminé: 1,555,721 papers, 16,195 arXiv (276s, 5631 p/s)
  Progression: 187/309 (61%)
  arXiv trouvés: 2,843,476

============================================================
  CHUNK 188/309
  6 fichiers, 2.16 GB
============================================================
  [1/6] updated_date=2025-11-06\part_0963.gz: 259,318 papers, 2,707 arXiv (5561 p/s)
  [2/6] updated_date=2025-11-06\part_0964.gz: 259,505 papers, 2,745 arXiv (5670 p/s)
  [3/6] updated_date=2025-11-06\part_0965.gz: 259,103 papers, 2,733 arXiv (5613 p/s)
  [4/6] updated_date=2025-11-06\part_0966.gz: 259,872 papers, 2,731 arXiv (5687 p/s)
  [5/6] updated_date=2025-11-06\part_0967.gz: 259,267 papers, 2,733 arXiv (5633 p/s)
  [6/6] updated_date=2025-11-06\part_0968.gz: 258,966 papers, 2,761 arXiv (5645 p/s)

  Chunk 188 terminé: 1,556,031 papers, 16,410 arXiv (276s, 5633 p/s)
  Progression: 188/309 (61%)
  arXiv trouvés: 2,859,886

============================================================
  CHUNK 189/309
  6 fichiers, 2.17 GB
============================================================
  [1/6] updated_date=2025-11-06\part_0969.gz: 258,762 papers, 2,703 arXiv (5673 p/s)
  [2/6] updated_date=2025-11-06\part_0970.gz: 259,643 papers, 2,742 arXiv (5615 p/s)
  [3/6] updated_date=2025-11-06\part_0971.gz: 400,000 papers, 4,163 arXiv (5667 p/s)
  [4/6] updated_date=2025-11-06\part_0972.gz: 118,659 papers, 1,310 arXiv (5754 p/s)
  [5/6] updated_date=2025-11-06\part_0973.gz: 259,236 papers, 2,667 arXiv (5681 p/s)
  [6/6] updated_date=2025-11-06\part_0974.gz: 259,615 papers, 2,726 arXiv (5723 p/s)

  Chunk 189 terminé: 1,555,915 papers, 16,311 arXiv (274s, 5675 p/s)
  Progression: 189/309 (61%)
  arXiv trouvés: 2,876,197

============================================================
  CHUNK 190/309
  6 fichiers, 2.16 GB
============================================================
  [1/6] updated_date=2025-11-06\part_0975.gz: 260,063 papers, 2,648 arXiv (5666 p/s)
  [2/6] updated_date=2025-11-06\part_0976.gz: 259,307 papers, 2,730 arXiv (5583 p/s)
  [3/6] updated_date=2025-11-06\part_0977.gz: 259,412 papers, 2,627 arXiv (5675 p/s)
  [4/6] updated_date=2025-11-06\part_0978.gz: 259,396 papers, 2,764 arXiv (5834 p/s)
  [5/6] updated_date=2025-11-06\part_0979.gz: 400,000 papers, 3,974 arXiv (5690 p/s)
  [6/6] updated_date=2025-11-06\part_0980.gz: 119,368 papers, 1,306 arXiv (5708 p/s)

  Chunk 190 terminé: 1,557,546 papers, 16,049 arXiv (274s, 5687 p/s)
  Progression: 190/309 (61%)
  arXiv trouvés: 2,892,246

============================================================
  CHUNK 191/309
  6 fichiers, 2.36 GB
============================================================
  [1/6] updated_date=2025-11-06\part_0981.gz: 400,000 papers, 4,229 arXiv (5597 p/s)
  [2/6] updated_date=2025-11-06\part_0982.gz: 120,412 papers, 1,295 arXiv (5762 p/s)
  [3/6] updated_date=2025-11-06\part_0983.gz: 259,391 papers, 2,715 arXiv (5565 p/s)
  [4/6] updated_date=2025-11-06\part_0984.gz: 259,301 papers, 2,774 arXiv (5602 p/s)
  [5/6] updated_date=2025-11-06\part_0985.gz: 259,446 papers, 2,837 arXiv (5507 p/s)
  [6/6] updated_date=2025-11-06\part_0986.gz: 400,000 papers, 4,287 arXiv (5586 p/s)

  Chunk 191 terminé: 1,698,550 papers, 18,137 arXiv (304s, 5586 p/s)
  Progression: 191/309 (62%)
  arXiv trouvés: 2,910,383

============================================================
  CHUNK 192/309
  7 fichiers, 2.33 GB
============================================================
  [1/7] updated_date=2025-11-06\part_0987.gz: 118,844 papers, 1,181 arXiv (5482 p/s)
  [2/7] updated_date=2025-11-06\part_0988.gz: 400,000 papers, 4,198 arXiv (5578 p/s)
  [3/7] updated_date=2025-11-06\part_0989.gz: 119,078 papers, 1,192 arXiv (5710 p/s)
  [4/7] updated_date=2025-11-06\part_0990.gz: 400,000 papers, 3,953 arXiv (5700 p/s)
  [5/7] updated_date=2025-11-06\part_0991.gz: 118,357 papers, 1,389 arXiv (5541 p/s)
  [6/7] updated_date=2025-11-06\part_0992.gz: 259,421 papers, 2,775 arXiv (5565 p/s)
  [7/7] updated_date=2025-11-06\part_0993.gz: 258,894 papers, 2,623 arXiv (5712 p/s)

  Chunk 192 terminé: 1,674,594 papers, 17,311 arXiv (298s, 5623 p/s)
  Progression: 192/309 (62%)
  arXiv trouvés: 2,927,694

============================================================
  CHUNK 193/309
  6 fichiers, 2.17 GB
============================================================
  [1/6] updated_date=2025-11-06\part_0994.gz: 400,000 papers, 4,139 arXiv (5522 p/s)
  [2/6] updated_date=2025-11-06\part_0995.gz: 119,497 papers, 1,333 arXiv (5643 p/s)
  [3/6] updated_date=2025-11-06\part_0996.gz: 258,473 papers, 2,634 arXiv (5511 p/s)
  [4/6] updated_date=2025-11-06\part_0997.gz: 400,000 papers, 4,092 arXiv (5534 p/s)
  [5/6] updated_date=2025-11-06\part_0998.gz: 118,786 papers, 1,367 arXiv (5511 p/s)
  [6/6] updated_date=2025-11-06\part_0999.gz: 259,608 papers, 2,721 arXiv (5500 p/s)

  Chunk 193 terminé: 1,556,364 papers, 16,286 arXiv (282s, 5526 p/s)
  Progression: 193/309 (62%)
  arXiv trouvés: 2,943,980

============================================================
  CHUNK 194/309
  6 fichiers, 2.16 GB
============================================================
  [1/6] updated_date=2025-11-06\part_1000.gz: 259,925 papers, 2,713 arXiv (5603 p/s)
  [2/6] updated_date=2025-11-06\part_1001.gz: 259,357 papers, 2,683 arXiv (5581 p/s)
  [3/6] updated_date=2025-11-06\part_1002.gz: 259,598 papers, 2,782 arXiv (5629 p/s)
  [4/6] updated_date=2025-11-06\part_1003.gz: 400,000 papers, 4,041 arXiv (5590 p/s)
  [5/6] updated_date=2025-11-06\part_1004.gz: 118,559 papers, 1,224 arXiv (5814 p/s)
  [6/6] updated_date=2025-11-06\part_1005.gz: 259,791 papers, 2,722 arXiv (5599 p/s)

  Chunk 194 terminé: 1,557,230 papers, 16,165 arXiv (277s, 5613 p/s)
  Progression: 194/309 (63%)
  arXiv trouvés: 2,960,145

============================================================
  CHUNK 195/309
  6 fichiers, 2.18 GB
============================================================
  [1/6] updated_date=2025-11-06\part_1006.gz: 400,000 papers, 4,229 arXiv (5648 p/s)
  [2/6] updated_date=2025-11-06\part_1007.gz: 118,173 papers, 1,215 arXiv (5587 p/s)
  [3/6] updated_date=2025-11-06\part_1008.gz: 259,378 papers, 2,704 arXiv (5904 p/s)
  [4/6] updated_date=2025-11-06\part_1009.gz: 259,402 papers, 2,782 arXiv (5508 p/s)
  [5/6] updated_date=2025-11-06\part_1010.gz: 259,733 papers, 2,710 arXiv (5518 p/s)
  [6/6] updated_date=2025-11-06\part_1011.gz: 260,042 papers, 2,784 arXiv (6426 p/s)

  Chunk 195 terminé: 1,556,728 papers, 16,424 arXiv (271s, 5753 p/s)
  Progression: 195/309 (63%)
  arXiv trouvés: 2,976,569

============================================================
  CHUNK 196/309
  5 fichiers, 2.00 GB
============================================================
  [1/5] updated_date=2025-11-06\part_1012.gz: 258,898 papers, 2,695 arXiv (5713 p/s)
  [2/5] updated_date=2025-11-06\part_1013.gz: 260,168 papers, 2,794 arXiv (5608 p/s)
  [3/5] updated_date=2025-11-06\part_1014.gz: 259,205 papers, 2,695 arXiv (5632 p/s)
  [4/5] updated_date=2025-11-06\part_1015.gz: 259,203 papers, 2,688 arXiv (5582 p/s)
  [5/5] updated_date=2025-11-06\part_1016.gz: 400,000 papers, 4,000 arXiv (5624 p/s)

  Chunk 196 terminé: 1,437,474 papers, 14,872 arXiv (255s, 5627 p/s)
  Progression: 196/309 (63%)
  arXiv trouvés: 2,991,441

============================================================
  CHUNK 197/309
  6 fichiers, 2.19 GB
============================================================
  [1/6] updated_date=2025-11-06\part_1017.gz: 118,622 papers, 1,279 arXiv (5735 p/s)
  [2/6] updated_date=2025-11-06\part_1018.gz: 259,671 papers, 2,758 arXiv (5503 p/s)
  [3/6] updated_date=2025-11-06\part_1019.gz: 260,353 papers, 2,769 arXiv (5618 p/s)
  [4/6] updated_date=2025-11-06\part_1020.gz: 400,000 papers, 4,200 arXiv (5652 p/s)
  [5/6] updated_date=2025-11-06\part_1021.gz: 119,245 papers, 1,305 arXiv (5838 p/s)
  [6/6] updated_date=2025-11-06\part_1022.gz: 400,000 papers, 4,255 arXiv (5569 p/s)

  Chunk 197 terminé: 1,557,891 papers, 16,566 arXiv (277s, 5617 p/s)
  Progression: 197/309 (64%)
  arXiv trouvés: 3,008,007

============================================================
  CHUNK 198/309
  5 fichiers, 2.54 GB
============================================================
  [1/5] updated_date=2025-11-06\part_1023.gz: 378,018 papers, 3,726 arXiv (5633 p/s)
  [2/5] updated_date=2025-11-06\part_1024.gz: 400,000 papers, 4,303 arXiv (5662 p/s)
  [3/5] updated_date=2025-11-06\part_1025.gz: 377,354 papers, 3,779 arXiv (5702 p/s)
  [4/5] updated_date=2025-11-06\part_1026.gz: 259,765 papers, 2,746 arXiv (5723 p/s)
  [5/5] updated_date=2025-11-06\part_1027.gz: 400,000 papers, 4,330 arXiv (5714 p/s)

  Chunk 198 terminé: 1,815,137 papers, 18,884 arXiv (319s, 5682 p/s)
  Progression: 198/309 (64%)
  arXiv trouvés: 3,026,891

============================================================
  CHUNK 199/309
  6 fichiers, 2.34 GB
============================================================
  [1/6] updated_date=2025-11-06\part_1028.gz: 117,957 papers, 989 arXiv (5758 p/s)
  [2/6] updated_date=2025-11-06\part_1029.gz: 258,993 papers, 2,750 arXiv (5609 p/s)
  [3/6] updated_date=2025-11-06\part_1030.gz: 259,030 papers, 2,741 arXiv (5753 p/s)
  [4/6] updated_date=2025-11-06\part_1031.gz: 400,000 papers, 4,335 arXiv (5755 p/s)
  [5/6] updated_date=2025-11-06\part_1032.gz: 378,288 papers, 3,888 arXiv (5649 p/s)
  [6/6] updated_date=2025-11-06\part_1033.gz: 259,136 papers, 2,668 arXiv (5635 p/s)

  Chunk 199 terminé: 1,673,404 papers, 17,371 arXiv (294s, 5687 p/s)
  Progression: 199/309 (64%)
  arXiv trouvés: 3,044,262

============================================================
  CHUNK 200/309
  6 fichiers, 2.16 GB
============================================================
  [1/6] updated_date=2025-11-06\part_1034.gz: 400,000 papers, 4,093 arXiv (5652 p/s)
  [2/6] updated_date=2025-11-06\part_1035.gz: 118,783 papers, 1,367 arXiv (5689 p/s)
  [3/6] updated_date=2025-11-06\part_1036.gz: 259,481 papers, 2,684 arXiv (5631 p/s)
  [4/6] updated_date=2025-11-06\part_1037.gz: 400,000 papers, 4,076 arXiv (5737 p/s)
  [5/6] updated_date=2025-11-06\part_1038.gz: 119,333 papers, 1,249 arXiv (5573 p/s)
  [6/6] updated_date=2025-11-06\part_1039.gz: 259,553 papers, 2,723 arXiv (5677 p/s)

  Chunk 200 terminé: 1,557,150 papers, 16,192 arXiv (275s, 5667 p/s)
  Progression: 200/309 (65%)
  arXiv trouvés: 3,060,454

============================================================
  CHUNK 201/309
  6 fichiers, 2.35 GB
============================================================
  [1/6] updated_date=2025-11-06\part_1040.gz: 400,000 papers, 4,155 arXiv (5773 p/s)
  [2/6] updated_date=2025-11-06\part_1041.gz: 118,801 papers, 1,251 arXiv (5851 p/s)
  [3/6] updated_date=2025-11-06\part_1042.gz: 259,657 papers, 2,775 arXiv (5651 p/s)
  [4/6] updated_date=2025-11-06\part_1043.gz: 259,685 papers, 2,647 arXiv (5581 p/s)
  [5/6] updated_date=2025-11-06\part_1044.gz: 258,794 papers, 2,653 arXiv (5762 p/s)
  [6/6] updated_date=2025-11-06\part_1045.gz: 400,000 papers, 4,257 arXiv (5685 p/s)

  Chunk 201 terminé: 1,696,937 papers, 17,738 arXiv (297s, 5704 p/s)
  Progression: 201/309 (65%)
  arXiv trouvés: 3,078,192

============================================================
  CHUNK 202/309
  5 fichiers, 2.19 GB
============================================================
  [1/5] updated_date=2025-11-06\part_1046.gz: 119,162 papers, 1,338 arXiv (5578 p/s)
  [2/5] updated_date=2025-11-06\part_1047.gz: 259,185 papers, 2,682 arXiv (5689 p/s)
  [3/5] updated_date=2025-11-06\part_1048.gz: 400,000 papers, 4,421 arXiv (5707 p/s)
  [4/5] updated_date=2025-11-06\part_1049.gz: 378,177 papers, 3,876 arXiv (5561 p/s)
  [5/5] updated_date=2025-11-06\part_1050.gz: 400,000 papers, 4,199 arXiv (5636 p/s)

  Chunk 202 terminé: 1,556,524 papers, 16,516 arXiv (276s, 5638 p/s)
  Progression: 202/309 (65%)
  arXiv trouvés: 3,094,708

============================================================
  CHUNK 203/309
  7 fichiers, 2.34 GB
============================================================
  [1/7] updated_date=2025-11-06\part_1051.gz: 119,631 papers, 1,335 arXiv (5696 p/s)
  [2/7] updated_date=2025-11-06\part_1052.gz: 400,000 papers, 4,227 arXiv (5645 p/s)
  [3/7] updated_date=2025-11-06\part_1053.gz: 118,758 papers, 1,288 arXiv (5512 p/s)
  [4/7] updated_date=2025-11-06\part_1054.gz: 400,000 papers, 4,240 arXiv (5648 p/s)
  [5/7] updated_date=2025-11-06\part_1055.gz: 118,673 papers, 1,312 arXiv (6073 p/s)
  [6/7] updated_date=2025-11-06\part_1056.gz: 260,107 papers, 2,796 arXiv (5745 p/s)
  [7/7] updated_date=2025-11-06\part_1057.gz: 259,233 papers, 2,655 arXiv (5547 p/s)

  Chunk 203 terminé: 1,676,402 papers, 17,853 arXiv (296s, 5666 p/s)
  Progression: 203/309 (66%)
  arXiv trouvés: 3,112,561

============================================================
  CHUNK 204/309
  6 fichiers, 2.16 GB
============================================================
  [1/6] updated_date=2025-11-06\part_1058.gz: 400,000 papers, 4,449 arXiv (5715 p/s)
  [2/6] updated_date=2025-11-06\part_1059.gz: 119,196 papers, 1,037 arXiv (5637 p/s)
  [3/6] updated_date=2025-11-06\part_1060.gz: 258,307 papers, 2,615 arXiv (5663 p/s)
  [4/6] updated_date=2025-11-06\part_1061.gz: 400,000 papers, 4,150 arXiv (5611 p/s)
  [5/6] updated_date=2025-11-06\part_1062.gz: 120,036 papers, 1,302 arXiv (5880 p/s)
  [6/6] updated_date=2025-11-06\part_1063.gz: 259,430 papers, 2,742 arXiv (5641 p/s)

  Chunk 204 terminé: 1,556,969 papers, 16,295 arXiv (275s, 5671 p/s)
  Progression: 204/309 (66%)
  arXiv trouvés: 3,128,856

============================================================
  CHUNK 205/309
  5 fichiers, 2.19 GB
============================================================
  [1/5] updated_date=2025-11-06\part_1064.gz: 260,013 papers, 2,676 arXiv (5758 p/s)
  [2/5] updated_date=2025-11-06\part_1065.gz: 259,535 papers, 2,719 arXiv (5749 p/s)
  [3/5] updated_date=2025-11-06\part_1066.gz: 400,000 papers, 3,834 arXiv (5710 p/s)
  [4/5] updated_date=2025-11-06\part_1067.gz: 378,251 papers, 4,130 arXiv (5650 p/s)
  [5/5] updated_date=2025-11-06\part_1068.gz: 259,687 papers, 2,708 arXiv (5601 p/s)

  Chunk 205 terminé: 1,557,486 papers, 16,067 arXiv (274s, 5690 p/s)
  Progression: 205/309 (66%)
  arXiv trouvés: 3,144,923

============================================================
  CHUNK 206/309
  6 fichiers, 2.15 GB
============================================================
  [1/6] updated_date=2025-11-06\part_1069.gz: 258,763 papers, 2,680 arXiv (5628 p/s)
  [2/6] updated_date=2025-11-06\part_1070.gz: 260,126 papers, 2,677 arXiv (5763 p/s)
  [3/6] updated_date=2025-11-06\part_1071.gz: 258,119 papers, 2,612 arXiv (5736 p/s)
  [4/6] updated_date=2025-11-06\part_1072.gz: 259,090 papers, 2,775 arXiv (5760 p/s)
  [5/6] updated_date=2025-11-06\part_1073.gz: 400,000 papers, 4,117 arXiv (5615 p/s)
  [6/6] updated_date=2025-11-06\part_1074.gz: 118,138 papers, 1,219 arXiv (5790 p/s)

  Chunk 206 terminé: 1,554,236 papers, 16,080 arXiv (273s, 5698 p/s)
  Progression: 206/309 (67%)
  arXiv trouvés: 3,161,003

============================================================
  CHUNK 207/309
  5 fichiers, 2.19 GB
============================================================
  [1/5] updated_date=2025-11-06\part_1075.gz: 400,000 papers, 3,842 arXiv (5682 p/s)
  [2/5] updated_date=2025-11-06\part_1076.gz: 400,000 papers, 4,307 arXiv (5587 p/s)
  [3/5] updated_date=2025-11-06\part_1077.gz: 238,064 papers, 2,747 arXiv (5866 p/s)
  [4/5] updated_date=2025-11-06\part_1078.gz: 259,274 papers, 2,676 arXiv (5713 p/s)
  [5/5] updated_date=2025-11-06\part_1079.gz: 259,752 papers, 2,676 arXiv (5717 p/s)

  Chunk 207 terminé: 1,557,090 papers, 16,248 arXiv (273s, 5694 p/s)
  Progression: 207/309 (67%)
  arXiv trouvés: 3,177,251

============================================================
  CHUNK 208/309
  6 fichiers, 2.15 GB
============================================================
  [1/6] updated_date=2025-11-06\part_1080.gz: 259,887 papers, 2,737 arXiv (5655 p/s)
  [2/6] updated_date=2025-11-06\part_1081.gz: 258,383 papers, 2,697 arXiv (5685 p/s)
  [3/6] updated_date=2025-11-06\part_1082.gz: 259,278 papers, 2,722 arXiv (5690 p/s)
  [4/6] updated_date=2025-11-06\part_1083.gz: 260,225 papers, 2,663 arXiv (5772 p/s)
  [5/6] updated_date=2025-11-06\part_1084.gz: 259,314 papers, 2,803 arXiv (5716 p/s)
  [6/6] updated_date=2025-11-06\part_1085.gz: 259,808 papers, 2,680 arXiv (5731 p/s)

  Chunk 208 terminé: 1,556,895 papers, 16,302 arXiv (273s, 5704 p/s)
  Progression: 208/309 (67%)
  arXiv trouvés: 3,193,553

============================================================
  CHUNK 209/309
  6 fichiers, 2.17 GB
============================================================
  [1/6] updated_date=2025-11-06\part_1086.gz: 400,000 papers, 4,127 arXiv (6532 p/s)
  [2/6] updated_date=2025-11-06\part_1087.gz: 119,413 papers, 1,278 arXiv (6757 p/s)
  [3/6] updated_date=2025-11-06\part_1088.gz: 400,000 papers, 4,205 arXiv (6760 p/s)
  [4/6] updated_date=2025-11-06\part_1089.gz: 117,699 papers, 1,160 arXiv (6745 p/s)
  [5/6] updated_date=2025-11-06\part_1090.gz: 259,650 papers, 2,650 arXiv (6762 p/s)
  [6/6] updated_date=2025-11-06\part_1091.gz: 258,763 papers, 2,679 arXiv (6789 p/s)

  Chunk 209 terminé: 1,555,525 papers, 16,099 arXiv (232s, 6700 p/s)
  Progression: 209/309 (68%)
  arXiv trouvés: 3,209,652

============================================================
  CHUNK 210/309
  6 fichiers, 2.19 GB
============================================================
  [1/6] updated_date=2025-11-06\part_1092.gz: 260,044 papers, 2,714 arXiv (6751 p/s)
  [2/6] updated_date=2025-11-06\part_1093.gz: 259,374 papers, 2,629 arXiv (6787 p/s)
  [3/6] updated_date=2025-11-06\part_1094.gz: 260,281 papers, 2,697 arXiv (6694 p/s)
  [4/6] updated_date=2025-11-06\part_1095.gz: 400,000 papers, 4,034 arXiv (6655 p/s)
  [5/6] updated_date=2025-11-06\part_1096.gz: 118,090 papers, 1,282 arXiv (6884 p/s)
  [6/6] updated_date=2025-11-06\part_1097.gz: 259,724 papers, 2,701 arXiv (6800 p/s)

  Chunk 210 terminé: 1,557,513 papers, 16,057 arXiv (231s, 6736 p/s)
  Progression: 210/309 (68%)
  arXiv trouvés: 3,225,709

============================================================
  CHUNK 211/309
  5 fichiers, 2.19 GB
============================================================
  [1/5] updated_date=2025-11-06\part_1098.gz: 259,837 papers, 2,668 arXiv (6756 p/s)
  [2/5] updated_date=2025-11-06\part_1099.gz: 257,939 papers, 2,693 arXiv (6775 p/s)
  [3/5] updated_date=2025-11-06\part_1100.gz: 400,000 papers, 4,129 arXiv (6773 p/s)
  [4/5] updated_date=2025-11-06\part_1101.gz: 400,000 papers, 4,219 arXiv (6652 p/s)
  [5/5] updated_date=2025-11-06\part_1102.gz: 237,577 papers, 2,392 arXiv (6619 p/s)

  Chunk 211 terminé: 1,555,353 papers, 16,101 arXiv (232s, 6713 p/s)
  Progression: 211/309 (68%)
  arXiv trouvés: 3,241,810

============================================================
  CHUNK 212/309
  5 fichiers, 2.01 GB
============================================================
  [1/5] updated_date=2025-11-06\part_1103.gz: 259,353 papers, 2,684 arXiv (6753 p/s)
  [2/5] updated_date=2025-11-06\part_1104.gz: 259,196 papers, 2,699 arXiv (6781 p/s)
  [3/5] updated_date=2025-11-06\part_1105.gz: 259,175 papers, 2,706 arXiv (6726 p/s)
  [4/5] updated_date=2025-11-06\part_1106.gz: 259,997 papers, 2,616 arXiv (6729 p/s)
  [5/5] updated_date=2025-11-06\part_1107.gz: 400,000 papers, 4,019 arXiv (6701 p/s)

  Chunk 212 terminé: 1,437,721 papers, 14,724 arXiv (214s, 6731 p/s)
  Progression: 212/309 (69%)
  arXiv trouvés: 3,256,534

============================================================
  CHUNK 213/309
  5 fichiers, 2.17 GB
============================================================
  [1/5] updated_date=2025-11-06\part_1108.gz: 377,680 papers, 3,990 arXiv (6752 p/s)
  [2/5] updated_date=2025-11-06\part_1109.gz: 400,000 papers, 4,195 arXiv (6720 p/s)
  [3/5] updated_date=2025-11-06\part_1110.gz: 119,283 papers, 1,291 arXiv (6664 p/s)
  [4/5] updated_date=2025-11-06\part_1111.gz: 259,667 papers, 2,762 arXiv (6758 p/s)
  [5/5] updated_date=2025-11-06\part_1112.gz: 400,000 papers, 4,401 arXiv (6749 p/s)

  Chunk 213 terminé: 1,556,630 papers, 16,639 arXiv (231s, 6734 p/s)
  Progression: 213/309 (69%)
  arXiv trouvés: 3,273,173

============================================================
  CHUNK 214/309
  6 fichiers, 2.35 GB
============================================================
  [1/6] updated_date=2025-11-06\part_1113.gz: 400,000 papers, 3,944 arXiv (6642 p/s)
  [2/6] updated_date=2025-11-06\part_1114.gz: 236,977 papers, 2,398 arXiv (6682 p/s)
  [3/6] updated_date=2025-11-06\part_1115.gz: 400,000 papers, 4,177 arXiv (6823 p/s)
  [4/6] updated_date=2025-11-06\part_1116.gz: 119,276 papers, 1,239 arXiv (6612 p/s)
  [5/6] updated_date=2025-11-06\part_1117.gz: 259,478 papers, 2,639 arXiv (6764 p/s)
  [6/6] updated_date=2025-11-06\part_1118.gz: 259,387 papers, 2,657 arXiv (6769 p/s)

  Chunk 214 terminé: 1,675,118 papers, 17,054 arXiv (249s, 6724 p/s)
  Progression: 214/309 (69%)
  arXiv trouvés: 3,290,227

============================================================
  CHUNK 215/309
  6 fichiers, 2.16 GB
============================================================
  [1/6] updated_date=2025-11-06\part_1119.gz: 400,000 papers, 4,305 arXiv (6744 p/s)
  [2/6] updated_date=2025-11-06\part_1120.gz: 117,499 papers, 1,082 arXiv (6681 p/s)
  [3/6] updated_date=2025-11-06\part_1121.gz: 259,531 papers, 2,788 arXiv (6744 p/s)
  [4/6] updated_date=2025-11-06\part_1122.gz: 400,000 papers, 4,113 arXiv (6706 p/s)
  [5/6] updated_date=2025-11-06\part_1123.gz: 118,707 papers, 1,262 arXiv (6773 p/s)
  [6/6] updated_date=2025-11-06\part_1124.gz: 259,376 papers, 2,767 arXiv (6778 p/s)

  Chunk 215 terminé: 1,555,113 papers, 16,317 arXiv (231s, 6734 p/s)
  Progression: 215/309 (70%)
  arXiv trouvés: 3,306,544

============================================================
  CHUNK 216/309
  6 fichiers, 2.16 GB
============================================================
  [1/6] updated_date=2025-11-06\part_1125.gz: 400,000 papers, 4,272 arXiv (6758 p/s)
  [2/6] updated_date=2025-11-06\part_1126.gz: 118,933 papers, 1,212 arXiv (6804 p/s)
  [3/6] updated_date=2025-11-06\part_1127.gz: 258,146 papers, 2,802 arXiv (6761 p/s)
  [4/6] updated_date=2025-11-06\part_1128.gz: 259,442 papers, 2,705 arXiv (6715 p/s)
  [5/6] updated_date=2025-11-06\part_1129.gz: 400,000 papers, 4,235 arXiv (6792 p/s)
  [6/6] updated_date=2025-11-06\part_1130.gz: 119,341 papers, 1,265 arXiv (6646 p/s)

  Chunk 216 terminé: 1,555,862 papers, 16,491 arXiv (230s, 6752 p/s)
  Progression: 216/309 (70%)
  arXiv trouvés: 3,323,035

============================================================
  CHUNK 217/309
  6 fichiers, 2.15 GB
============================================================
  [1/6] updated_date=2025-11-06\part_1131.gz: 258,683 papers, 2,653 arXiv (6728 p/s)
  [2/6] updated_date=2025-11-06\part_1132.gz: 259,564 papers, 2,746 arXiv (6763 p/s)
  [3/6] updated_date=2025-11-06\part_1133.gz: 259,958 papers, 2,749 arXiv (6710 p/s)
  [4/6] updated_date=2025-11-06\part_1134.gz: 259,948 papers, 2,743 arXiv (6781 p/s)
  [5/6] updated_date=2025-11-06\part_1135.gz: 260,087 papers, 2,699 arXiv (6755 p/s)
  [6/6] updated_date=2025-11-06\part_1136.gz: 258,344 papers, 2,748 arXiv (6733 p/s)

  Chunk 217 terminé: 1,556,584 papers, 16,338 arXiv (231s, 6741 p/s)
  Progression: 217/309 (70%)
  arXiv trouvés: 3,339,373

============================================================
  CHUNK 218/309
  6 fichiers, 2.16 GB
============================================================
  [1/6] updated_date=2025-11-06\part_1137.gz: 400,000 papers, 4,112 arXiv (6669 p/s)
  [2/6] updated_date=2025-11-06\part_1138.gz: 119,059 papers, 1,253 arXiv (6968 p/s)
  [3/6] updated_date=2025-11-06\part_1139.gz: 400,000 papers, 4,277 arXiv (6005 p/s)
  [4/6] updated_date=2025-11-06\part_1140.gz: 117,674 papers, 1,118 arXiv (5709 p/s)
  [5/6] updated_date=2025-11-06\part_1141.gz: 258,658 papers, 2,755 arXiv (5779 p/s)
  [6/6] updated_date=2025-11-06\part_1142.gz: 259,652 papers, 2,690 arXiv (5671 p/s)

  Chunk 218 terminé: 1,555,043 papers, 16,205 arXiv (255s, 6101 p/s)
  Progression: 218/309 (71%)
  arXiv trouvés: 3,355,578

============================================================
  CHUNK 219/309
  5 fichiers, 2.18 GB
============================================================
  [1/5] updated_date=2025-11-06\part_1143.gz: 400,000 papers, 4,240 arXiv (5750 p/s)
  [2/5] updated_date=2025-11-06\part_1144.gz: 378,833 papers, 3,943 arXiv (5708 p/s)
  [3/5] updated_date=2025-11-06\part_1145.gz: 258,509 papers, 2,762 arXiv (5718 p/s)
  [4/5] updated_date=2025-11-06\part_1146.gz: 259,777 papers, 2,705 arXiv (5712 p/s)
  [5/5] updated_date=2025-11-06\part_1147.gz: 258,957 papers, 2,829 arXiv (5704 p/s)

  Chunk 219 terminé: 1,556,076 papers, 16,479 arXiv (272s, 5719 p/s)
  Progression: 219/309 (71%)
  arXiv trouvés: 3,372,057

============================================================
  CHUNK 220/309
  6 fichiers, 2.36 GB
============================================================
  [1/6] updated_date=2025-11-06\part_1148.gz: 259,563 papers, 2,646 arXiv (5657 p/s)
  [2/6] updated_date=2025-11-06\part_1149.gz: 259,209 papers, 2,703 arXiv (5490 p/s)
  [3/6] updated_date=2025-11-06\part_1150.gz: 400,000 papers, 4,231 arXiv (5675 p/s)
  [4/6] updated_date=2025-11-06\part_1151.gz: 118,989 papers, 1,162 arXiv (5793 p/s)
  [5/6] updated_date=2025-11-06\part_1152.gz: 259,372 papers, 2,721 arXiv (5660 p/s)
  [6/6] updated_date=2025-11-06\part_1153.gz: 400,000 papers, 4,265 arXiv (5722 p/s)

  Chunk 220 terminé: 1,697,133 papers, 17,728 arXiv (300s, 5657 p/s)
  Progression: 220/309 (71%)
  arXiv trouvés: 3,389,785

============================================================
  CHUNK 221/309
  7 fichiers, 2.33 GB
============================================================
  [1/7] updated_date=2025-11-06\part_1154.gz: 118,304 papers, 1,087 arXiv (5606 p/s)
  [2/7] updated_date=2025-11-06\part_1155.gz: 258,770 papers, 2,785 arXiv (5683 p/s)
  [3/7] updated_date=2025-11-06\part_1156.gz: 259,502 papers, 2,704 arXiv (5625 p/s)
  [4/7] updated_date=2025-11-06\part_1157.gz: 400,000 papers, 4,220 arXiv (5715 p/s)
  [5/7] updated_date=2025-11-06\part_1158.gz: 118,725 papers, 1,321 arXiv (5644 p/s)
  [6/7] updated_date=2025-11-06\part_1159.gz: 259,726 papers, 2,753 arXiv (5727 p/s)
  [7/7] updated_date=2025-11-06\part_1160.gz: 259,509 papers, 2,734 arXiv (5721 p/s)

  Chunk 221 terminé: 1,674,536 papers, 17,604 arXiv (295s, 5684 p/s)
  Progression: 221/309 (72%)
  arXiv trouvés: 3,407,389

============================================================
  CHUNK 222/309
  6 fichiers, 2.16 GB
============================================================
  [1/6] updated_date=2025-11-06\part_1161.gz: 258,990 papers, 2,674 arXiv (5806 p/s)
  [2/6] updated_date=2025-11-06\part_1162.gz: 259,350 papers, 2,666 arXiv (5764 p/s)
  [3/6] updated_date=2025-11-06\part_1163.gz: 258,942 papers, 2,735 arXiv (5905 p/s)
  [4/6] updated_date=2025-11-06\part_1164.gz: 259,348 papers, 2,685 arXiv (5884 p/s)
  [5/6] updated_date=2025-11-06\part_1165.gz: 258,990 papers, 2,738 arXiv (5936 p/s)
  [6/6] updated_date=2025-11-06\part_1166.gz: 259,407 papers, 2,702 arXiv (5775 p/s)

  Chunk 222 terminé: 1,555,027 papers, 16,200 arXiv (266s, 5842 p/s)
  Progression: 222/309 (72%)
  arXiv trouvés: 3,423,589

============================================================
  CHUNK 223/309
  6 fichiers, 2.16 GB
============================================================
  [1/6] updated_date=2025-11-06\part_1167.gz: 260,700 papers, 2,717 arXiv (5971 p/s)
  [2/6] updated_date=2025-11-06\part_1168.gz: 259,618 papers, 2,762 arXiv (5976 p/s)
  [3/6] updated_date=2025-11-06\part_1169.gz: 259,743 papers, 2,659 arXiv (5954 p/s)
  [4/6] updated_date=2025-11-06\part_1170.gz: 258,779 papers, 2,632 arXiv (5960 p/s)
  [5/6] updated_date=2025-11-06\part_1171.gz: 400,000 papers, 4,195 arXiv (5905 p/s)
  [6/6] updated_date=2025-11-06\part_1172.gz: 118,437 papers, 1,118 arXiv (5930 p/s)

  Chunk 223 terminé: 1,557,277 papers, 16,083 arXiv (262s, 5944 p/s)
  Progression: 223/309 (72%)
  arXiv trouvés: 3,439,672

============================================================
  CHUNK 224/309
  6 fichiers, 2.16 GB
============================================================
  [1/6] updated_date=2025-11-06\part_1173.gz: 259,304 papers, 2,692 arXiv (5998 p/s)
  [2/6] updated_date=2025-11-06\part_1174.gz: 259,809 papers, 2,630 arXiv (5788 p/s)
  [3/6] updated_date=2025-11-06\part_1175.gz: 258,674 papers, 2,662 arXiv (5893 p/s)
  [4/6] updated_date=2025-11-06\part_1176.gz: 400,000 papers, 4,234 arXiv (5590 p/s)
  [5/6] updated_date=2025-11-06\part_1177.gz: 118,223 papers, 1,268 arXiv (5119 p/s)
  [6/6] updated_date=2025-11-06\part_1178.gz: 260,067 papers, 2,683 arXiv (5749 p/s)

  Chunk 224 terminé: 1,556,077 papers, 16,169 arXiv (272s, 5720 p/s)
  Progression: 224/309 (72%)
  arXiv trouvés: 3,455,841

============================================================
  CHUNK 225/309
  5 fichiers, 2.41 GB
============================================================
  [1/5] updated_date=2025-11-06\part_1179.gz: 400,000 papers, 4,278 arXiv (5764 p/s)
  [2/5] updated_date=2025-11-06\part_1180.gz: 118,367 papers, 1,144 arXiv (5871 p/s)
  [3/5] updated_date=2025-11-06\part_1181.gz: 400,000 papers, 4,039 arXiv (5861 p/s)
  [4/5] updated_date=2025-11-06\part_1182.gz: 379,887 papers, 4,060 arXiv (5802 p/s)
  [5/5] updated_date=2025-11-06\part_1183.gz: 400,000 papers, 4,240 arXiv (5761 p/s)

  Chunk 225 terminé: 1,698,254 papers, 17,761 arXiv (293s, 5800 p/s)
  Progression: 225/309 (73%)
  arXiv trouvés: 3,473,602

============================================================
  CHUNK 226/309
  6 fichiers, 2.53 GB
============================================================
  [1/6] updated_date=2025-11-06\part_1184.gz: 378,651 papers, 4,166 arXiv (5935 p/s)
  [2/6] updated_date=2025-11-06\part_1185.gz: 400,000 papers, 4,099 arXiv (5840 p/s)
  [3/6] updated_date=2025-11-06\part_1186.gz: 118,480 papers, 1,255 arXiv (6025 p/s)
  [4/6] updated_date=2025-11-06\part_1187.gz: 400,000 papers, 3,968 arXiv (6620 p/s)
  [5/6] updated_date=2025-11-06\part_1188.gz: 118,845 papers, 1,328 arXiv (6619 p/s)
  [6/6] updated_date=2025-11-06\part_1189.gz: 400,000 papers, 4,256 arXiv (6752 p/s)

  Chunk 226 terminé: 1,815,976 papers, 19,072 arXiv (290s, 6268 p/s)
  Progression: 226/309 (73%)
  arXiv trouvés: 3,492,674

============================================================
  CHUNK 227/309
  7 fichiers, 2.34 GB
============================================================
  [1/7] updated_date=2025-11-06\part_1190.gz: 119,653 papers, 1,158 arXiv (6596 p/s)
  [2/7] updated_date=2025-11-06\part_1191.gz: 259,016 papers, 2,696 arXiv (6742 p/s)
  [3/7] updated_date=2025-11-06\part_1192.gz: 259,624 papers, 2,743 arXiv (6681 p/s)
  [4/7] updated_date=2025-11-06\part_1193.gz: 259,898 papers, 2,646 arXiv (6760 p/s)
  [5/7] updated_date=2025-11-06\part_1194.gz: 260,185 papers, 2,712 arXiv (6657 p/s)
  [6/7] updated_date=2025-11-06\part_1195.gz: 258,680 papers, 2,634 arXiv (6742 p/s)
  [7/7] updated_date=2025-11-06\part_1196.gz: 259,534 papers, 2,713 arXiv (6736 p/s)

  Chunk 227 terminé: 1,676,590 papers, 17,302 arXiv (250s, 6708 p/s)
  Progression: 227/309 (73%)
  arXiv trouvés: 3,509,976

============================================================
  CHUNK 228/309
  5 fichiers, 2.01 GB
============================================================
  [1/5] updated_date=2025-11-06\part_1197.gz: 400,000 papers, 4,348 arXiv (6679 p/s)
  [2/5] updated_date=2025-11-06\part_1198.gz: 119,021 papers, 1,172 arXiv (6770 p/s)
  [3/5] updated_date=2025-11-06\part_1199.gz: 400,000 papers, 4,195 arXiv (6787 p/s)
  [4/5] updated_date=2025-11-06\part_1200.gz: 119,106 papers, 1,286 arXiv (6745 p/s)
  [5/5] updated_date=2025-11-06\part_1201.gz: 400,000 papers, 4,198 arXiv (6741 p/s)

  Chunk 228 terminé: 1,438,127 papers, 15,199 arXiv (213s, 6736 p/s)
  Progression: 228/309 (74%)
  arXiv trouvés: 3,525,175

============================================================
  CHUNK 229/309
  6 fichiers, 2.35 GB
============================================================
  [1/6] updated_date=2025-11-06\part_1202.gz: 118,843 papers, 1,362 arXiv (6813 p/s)
  [2/6] updated_date=2025-11-06\part_1203.gz: 400,000 papers, 4,282 arXiv (6660 p/s)
  [3/6] updated_date=2025-11-06\part_1204.gz: 400,000 papers, 3,951 arXiv (6785 p/s)
  [4/6] updated_date=2025-11-06\part_1205.gz: 236,981 papers, 2,500 arXiv (6666 p/s)
  [5/6] updated_date=2025-11-06\part_1206.gz: 259,352 papers, 2,659 arXiv (6696 p/s)
  [6/6] updated_date=2025-11-06\part_1207.gz: 259,412 papers, 2,628 arXiv (6722 p/s)

  Chunk 229 terminé: 1,674,588 papers, 17,382 arXiv (249s, 6714 p/s)
  Progression: 229/309 (74%)
  arXiv trouvés: 3,542,557

============================================================
  CHUNK 230/309
  6 fichiers, 2.16 GB
============================================================
  [1/6] updated_date=2025-11-06\part_1208.gz: 400,000 papers, 4,119 arXiv (6671 p/s)
  [2/6] updated_date=2025-11-06\part_1209.gz: 117,795 papers, 1,150 arXiv (6852 p/s)
  [3/6] updated_date=2025-11-06\part_1210.gz: 260,518 papers, 2,773 arXiv (6696 p/s)
  [4/6] updated_date=2025-11-06\part_1211.gz: 258,588 papers, 2,665 arXiv (6701 p/s)
  [5/6] updated_date=2025-11-06\part_1212.gz: 259,296 papers, 2,634 arXiv (6751 p/s)
  [6/6] updated_date=2025-11-06\part_1213.gz: 259,530 papers, 2,699 arXiv (6680 p/s)

  Chunk 230 terminé: 1,555,727 papers, 16,040 arXiv (232s, 6706 p/s)
  Progression: 230/309 (74%)
  arXiv trouvés: 3,558,597

============================================================
  CHUNK 231/309
  6 fichiers, 2.19 GB
============================================================
  [1/6] updated_date=2025-11-06\part_1214.gz: 260,410 papers, 2,779 arXiv (6658 p/s)
  [2/6] updated_date=2025-11-06\part_1215.gz: 259,300 papers, 2,688 arXiv (6728 p/s)
  [3/6] updated_date=2025-11-06\part_1216.gz: 400,000 papers, 4,185 arXiv (6350 p/s)
  [4/6] updated_date=2025-11-06\part_1217.gz: 118,827 papers, 1,237 arXiv (6912 p/s)
  [5/6] updated_date=2025-11-06\part_1218.gz: 259,665 papers, 2,749 arXiv (6691 p/s)
  [6/6] updated_date=2025-11-06\part_1219.gz: 259,019 papers, 2,743 arXiv (6718 p/s)

  Chunk 231 terminé: 1,557,221 papers, 16,381 arXiv (235s, 6617 p/s)
  Progression: 231/309 (75%)
  arXiv trouvés: 3,574,978

============================================================
  CHUNK 232/309
  6 fichiers, 2.36 GB
============================================================
  [1/6] updated_date=2025-11-06\part_1220.gz: 259,925 papers, 2,726 arXiv (6690 p/s)
  [2/6] updated_date=2025-11-06\part_1221.gz: 259,016 papers, 2,782 arXiv (6702 p/s)
  [3/6] updated_date=2025-11-06\part_1222.gz: 259,287 papers, 2,603 arXiv (6683 p/s)
  [4/6] updated_date=2025-11-06\part_1223.gz: 400,000 papers, 4,172 arXiv (6730 p/s)
  [5/6] updated_date=2025-11-06\part_1224.gz: 120,284 papers, 1,198 arXiv (6836 p/s)
  [6/6] updated_date=2025-11-06\part_1225.gz: 400,000 papers, 4,283 arXiv (6716 p/s)

  Chunk 232 terminé: 1,698,512 papers, 17,764 arXiv (253s, 6713 p/s)
  Progression: 232/309 (75%)
  arXiv trouvés: 3,592,742

============================================================
  CHUNK 233/309
  6 fichiers, 2.16 GB
============================================================
  [1/6] updated_date=2025-11-06\part_1226.gz: 119,592 papers, 1,182 arXiv (6801 p/s)
  [2/6] updated_date=2025-11-06\part_1227.gz: 260,320 papers, 2,685 arXiv (6753 p/s)
  [3/6] updated_date=2025-11-06\part_1228.gz: 400,000 papers, 4,220 arXiv (6721 p/s)
  [4/6] updated_date=2025-11-06\part_1229.gz: 120,184 papers, 1,398 arXiv (6736 p/s)
  [5/6] updated_date=2025-11-06\part_1230.gz: 259,378 papers, 2,774 arXiv (6729 p/s)
  [6/6] updated_date=2025-11-06\part_1231.gz: 400,000 papers, 4,180 arXiv (6759 p/s)

  Chunk 233 terminé: 1,559,474 papers, 16,439 arXiv (231s, 6742 p/s)
  Progression: 233/309 (75%)
  arXiv trouvés: 3,609,181

============================================================
  CHUNK 234/309
  7 fichiers, 2.35 GB
============================================================
  [1/7] updated_date=2025-11-06\part_1232.gz: 119,254 papers, 1,240 arXiv (6607 p/s)
  [2/7] updated_date=2025-11-06\part_1233.gz: 258,187 papers, 2,797 arXiv (6688 p/s)
  [3/7] updated_date=2025-11-06\part_1234.gz: 400,000 papers, 4,057 arXiv (6691 p/s)
  [4/7] updated_date=2025-11-06\part_1235.gz: 118,291 papers, 1,279 arXiv (6879 p/s)
  [5/7] updated_date=2025-11-06\part_1236.gz: 400,000 papers, 4,207 arXiv (6752 p/s)
  [6/7] updated_date=2025-11-06\part_1237.gz: 118,540 papers, 1,254 arXiv (6759 p/s)
  [7/7] updated_date=2025-11-06\part_1238.gz: 259,896 papers, 2,730 arXiv (6711 p/s)

  Chunk 234 terminé: 1,674,168 papers, 17,564 arXiv (249s, 6718 p/s)
  Progression: 234/309 (76%)
  arXiv trouvés: 3,626,745

============================================================
  CHUNK 235/309
  5 fichiers, 2.19 GB
============================================================
  [1/5] updated_date=2025-11-06\part_1239.gz: 400,000 papers, 4,094 arXiv (6678 p/s)
  [2/5] updated_date=2025-11-06\part_1240.gz: 377,502 papers, 3,936 arXiv (6731 p/s)
  [3/5] updated_date=2025-11-06\part_1241.gz: 400,000 papers, 4,274 arXiv (6756 p/s)
  [4/5] updated_date=2025-11-06\part_1242.gz: 119,549 papers, 1,099 arXiv (6725 p/s)
  [5/5] updated_date=2025-11-06\part_1243.gz: 260,181 papers, 2,671 arXiv (6750 p/s)

  Chunk 235 terminé: 1,557,232 papers, 16,074 arXiv (232s, 6724 p/s)
  Progression: 235/309 (76%)
  arXiv trouvés: 3,642,819

============================================================
  CHUNK 236/309
  6 fichiers, 2.16 GB
============================================================
  [1/6] updated_date=2025-11-06\part_1244.gz: 400,000 papers, 4,274 arXiv (6734 p/s)
  [2/6] updated_date=2025-11-06\part_1245.gz: 117,476 papers, 1,086 arXiv (6865 p/s)
  [3/6] updated_date=2025-11-06\part_1246.gz: 259,198 papers, 2,703 arXiv (6762 p/s)
  [4/6] updated_date=2025-11-06\part_1247.gz: 259,349 papers, 2,714 arXiv (6759 p/s)
  [5/6] updated_date=2025-11-06\part_1248.gz: 400,000 papers, 4,162 arXiv (6695 p/s)
  [6/6] updated_date=2025-11-06\part_1249.gz: 120,059 papers, 1,230 arXiv (6793 p/s)

  Chunk 236 terminé: 1,556,082 papers, 16,169 arXiv (231s, 6743 p/s)
  Progression: 236/309 (76%)
  arXiv trouvés: 3,658,988

============================================================
  CHUNK 237/309
  6 fichiers, 2.18 GB
============================================================
  [1/6] updated_date=2025-11-06\part_1250.gz: 259,568 papers, 2,709 arXiv (6656 p/s)
  [2/6] updated_date=2025-11-06\part_1251.gz: 259,602 papers, 2,719 arXiv (6743 p/s)
  [3/6] updated_date=2025-11-06\part_1252.gz: 259,765 papers, 2,705 arXiv (6738 p/s)
  [4/6] updated_date=2025-11-06\part_1253.gz: 400,000 papers, 4,411 arXiv (6676 p/s)
  [5/6] updated_date=2025-11-06\part_1254.gz: 119,459 papers, 1,110 arXiv (6849 p/s)
  [6/6] updated_date=2025-11-06\part_1255.gz: 259,706 papers, 2,764 arXiv (6738 p/s)

  Chunk 237 terminé: 1,558,100 papers, 16,418 arXiv (232s, 6714 p/s)
  Progression: 237/309 (77%)
  arXiv trouvés: 3,675,406

============================================================
  CHUNK 238/309
  6 fichiers, 2.16 GB
============================================================
  [1/6] updated_date=2025-11-06\part_1256.gz: 259,228 papers, 2,767 arXiv (6758 p/s)
  [2/6] updated_date=2025-11-06\part_1257.gz: 258,679 papers, 2,770 arXiv (6749 p/s)
  [3/6] updated_date=2025-11-06\part_1258.gz: 400,000 papers, 4,157 arXiv (6773 p/s)
  [4/6] updated_date=2025-11-06\part_1259.gz: 117,816 papers, 1,321 arXiv (6684 p/s)
  [5/6] updated_date=2025-11-06\part_1260.gz: 259,042 papers, 2,678 arXiv (6722 p/s)
  [6/6] updated_date=2025-11-06\part_1261.gz: 259,297 papers, 2,747 arXiv (6714 p/s)

  Chunk 238 terminé: 1,554,062 papers, 16,440 arXiv (231s, 6739 p/s)
  Progression: 238/309 (77%)
  arXiv trouvés: 3,691,846

============================================================
  CHUNK 239/309
  5 fichiers, 2.02 GB
============================================================
  [1/5] updated_date=2025-11-06\part_1262.gz: 400,000 papers, 4,267 arXiv (6694 p/s)
  [2/5] updated_date=2025-11-06\part_1263.gz: 119,042 papers, 1,180 arXiv (6979 p/s)
  [3/5] updated_date=2025-11-06\part_1264.gz: 400,000 papers, 4,045 arXiv (6700 p/s)
  [4/5] updated_date=2025-11-06\part_1265.gz: 118,869 papers, 1,313 arXiv (6674 p/s)
  [5/5] updated_date=2025-11-06\part_1266.gz: 400,000 papers, 4,014 arXiv (6707 p/s)

  Chunk 239 terminé: 1,437,911 papers, 14,819 arXiv (214s, 6718 p/s)
  Progression: 239/309 (77%)
  arXiv trouvés: 3,706,665

============================================================
  CHUNK 240/309
  7 fichiers, 2.33 GB
============================================================
  [1/7] updated_date=2025-11-06\part_1267.gz: 118,573 papers, 1,375 arXiv (6903 p/s)
  [2/7] updated_date=2025-11-06\part_1268.gz: 259,673 papers, 2,678 arXiv (6742 p/s)
  [3/7] updated_date=2025-11-06\part_1269.gz: 260,339 papers, 2,694 arXiv (6721 p/s)
  [4/7] updated_date=2025-11-06\part_1270.gz: 259,196 papers, 2,585 arXiv (6766 p/s)
  [5/7] updated_date=2025-11-06\part_1271.gz: 260,233 papers, 2,773 arXiv (6748 p/s)
  [6/7] updated_date=2025-11-06\part_1272.gz: 259,677 papers, 2,649 arXiv (6757 p/s)
  [7/7] updated_date=2025-11-06\part_1273.gz: 259,922 papers, 2,755 arXiv (6758 p/s)

  Chunk 240 terminé: 1,677,613 papers, 17,509 arXiv (248s, 6756 p/s)
  Progression: 240/309 (78%)
  arXiv trouvés: 3,724,174

============================================================
  CHUNK 241/309
  6 fichiers, 2.37 GB
============================================================
  [1/6] updated_date=2025-11-06\part_1274.gz: 259,654 papers, 2,746 arXiv (6775 p/s)
  [2/6] updated_date=2025-11-06\part_1275.gz: 258,871 papers, 2,704 arXiv (6749 p/s)
  [3/6] updated_date=2025-11-06\part_1276.gz: 400,000 papers, 4,252 arXiv (6685 p/s)
  [4/6] updated_date=2025-11-06\part_1277.gz: 119,746 papers, 1,109 arXiv (6917 p/s)
  [5/6] updated_date=2025-11-06\part_1278.gz: 259,681 papers, 2,680 arXiv (6739 p/s)
  [6/6] updated_date=2025-11-06\part_1279.gz: 400,000 papers, 4,229 arXiv (6713 p/s)

  Chunk 241 terminé: 1,697,952 papers, 17,720 arXiv (252s, 6736 p/s)
  Progression: 241/309 (78%)
  arXiv trouvés: 3,741,894

============================================================
  CHUNK 242/309
  7 fichiers, 2.33 GB
============================================================
  [1/7] updated_date=2025-11-06\part_1280.gz: 117,648 papers, 1,182 arXiv (6828 p/s)
  [2/7] updated_date=2025-11-06\part_1281.gz: 260,133 papers, 2,675 arXiv (6732 p/s)
  [3/7] updated_date=2025-11-06\part_1282.gz: 400,000 papers, 4,391 arXiv (6661 p/s)
  [4/7] updated_date=2025-11-06\part_1283.gz: 119,781 papers, 1,207 arXiv (6682 p/s)
  [5/7] updated_date=2025-11-06\part_1284.gz: 259,476 papers, 2,663 arXiv (6788 p/s)
  [6/7] updated_date=2025-11-06\part_1285.gz: 259,750 papers, 2,584 arXiv (6762 p/s)
  [7/7] updated_date=2025-11-06\part_1286.gz: 259,870 papers, 2,606 arXiv (6750 p/s)

  Chunk 242 terminé: 1,676,658 papers, 17,308 arXiv (249s, 6731 p/s)
  Progression: 242/309 (78%)
  arXiv trouvés: 3,759,202

============================================================
  CHUNK 243/309
  6 fichiers, 2.16 GB
============================================================
  [1/6] updated_date=2025-11-06\part_1287.gz: 259,763 papers, 2,678 arXiv (6738 p/s)
  [2/6] updated_date=2025-11-06\part_1288.gz: 258,718 papers, 2,642 arXiv (6780 p/s)
  [3/6] updated_date=2025-11-06\part_1289.gz: 259,288 papers, 2,716 arXiv (6734 p/s)
  [4/6] updated_date=2025-11-06\part_1290.gz: 400,000 papers, 4,283 arXiv (6754 p/s)
  [5/6] updated_date=2025-11-06\part_1291.gz: 119,044 papers, 1,153 arXiv (6637 p/s)
  [6/6] updated_date=2025-11-06\part_1292.gz: 259,738 papers, 2,671 arXiv (6707 p/s)

  Chunk 243 terminé: 1,556,551 papers, 16,143 arXiv (231s, 6732 p/s)
  Progression: 243/309 (79%)
  arXiv trouvés: 3,775,345

============================================================
  CHUNK 244/309
  6 fichiers, 2.36 GB
============================================================
  [1/6] updated_date=2025-11-06\part_1293.gz: 259,420 papers, 2,690 arXiv (6712 p/s)
  [2/6] updated_date=2025-11-06\part_1294.gz: 260,308 papers, 2,789 arXiv (6744 p/s)
  [3/6] updated_date=2025-11-06\part_1295.gz: 400,000 papers, 4,354 arXiv (6742 p/s)
  [4/6] updated_date=2025-11-06\part_1296.gz: 119,598 papers, 1,166 arXiv (6596 p/s)
  [5/6] updated_date=2025-11-06\part_1297.gz: 259,715 papers, 2,663 arXiv (6723 p/s)
  [6/6] updated_date=2025-11-06\part_1298.gz: 400,000 papers, 4,028 arXiv (6737 p/s)

  Chunk 244 terminé: 1,699,041 papers, 17,690 arXiv (253s, 6721 p/s)
  Progression: 244/309 (79%)
  arXiv trouvés: 3,793,035

============================================================
  CHUNK 245/309
  7 fichiers, 2.32 GB
============================================================
  [1/7] updated_date=2025-11-06\part_1299.gz: 118,479 papers, 1,388 arXiv (6683 p/s)
  [2/7] updated_date=2025-11-06\part_1300.gz: 259,025 papers, 2,769 arXiv (6768 p/s)
  [3/7] updated_date=2025-11-06\part_1301.gz: 260,066 papers, 2,803 arXiv (6702 p/s)
  [4/7] updated_date=2025-11-06\part_1302.gz: 260,400 papers, 2,779 arXiv (6755 p/s)
  [5/7] updated_date=2025-11-06\part_1303.gz: 260,015 papers, 2,634 arXiv (6744 p/s)
  [6/7] updated_date=2025-11-06\part_1304.gz: 258,846 papers, 2,642 arXiv (6768 p/s)
  [7/7] updated_date=2025-11-06\part_1305.gz: 260,222 papers, 2,712 arXiv (6737 p/s)

  Chunk 245 terminé: 1,677,053 papers, 17,727 arXiv (249s, 6738 p/s)
  Progression: 245/309 (79%)
  arXiv trouvés: 3,810,762

============================================================
  CHUNK 246/309
  5 fichiers, 2.00 GB
============================================================
  [1/5] updated_date=2025-11-06\part_1306.gz: 260,175 papers, 2,779 arXiv (6752 p/s)
  [2/5] updated_date=2025-11-06\part_1307.gz: 259,916 papers, 2,609 arXiv (6759 p/s)
  [3/5] updated_date=2025-11-06\part_1308.gz: 400,000 papers, 4,254 arXiv (6704 p/s)
  [4/5] updated_date=2025-11-06\part_1309.gz: 119,743 papers, 1,266 arXiv (6837 p/s)
  [5/5] updated_date=2025-11-06\part_1310.gz: 400,000 papers, 4,110 arXiv (6752 p/s)

  Chunk 246 terminé: 1,439,834 papers, 15,018 arXiv (213s, 6744 p/s)
  Progression: 246/309 (80%)
  arXiv trouvés: 3,825,780

============================================================
  CHUNK 247/309
  7 fichiers, 2.35 GB
============================================================
  [1/7] updated_date=2025-11-06\part_1311.gz: 118,290 papers, 1,291 arXiv (6662 p/s)
  [2/7] updated_date=2025-11-06\part_1312.gz: 260,013 papers, 2,715 arXiv (6723 p/s)
  [3/7] updated_date=2025-11-06\part_1313.gz: 400,000 papers, 4,387 arXiv (6741 p/s)
  [4/7] updated_date=2025-11-06\part_1314.gz: 118,623 papers, 1,042 arXiv (6708 p/s)
  [5/7] updated_date=2025-11-06\part_1315.gz: 259,404 papers, 2,697 arXiv (6747 p/s)
  [6/7] updated_date=2025-11-06\part_1316.gz: 259,399 papers, 2,656 arXiv (6767 p/s)
  [7/7] updated_date=2025-11-06\part_1317.gz: 259,106 papers, 2,732 arXiv (6729 p/s)

  Chunk 247 terminé: 1,674,835 papers, 17,520 arXiv (249s, 6731 p/s)
  Progression: 247/309 (80%)
  arXiv trouvés: 3,843,300

============================================================
  CHUNK 248/309
  6 fichiers, 2.18 GB
============================================================
  [1/6] updated_date=2025-11-06\part_1318.gz: 400,000 papers, 4,053 arXiv (6689 p/s)
  [2/6] updated_date=2025-11-06\part_1319.gz: 119,875 papers, 1,457 arXiv (6754 p/s)
  [3/6] updated_date=2025-11-06\part_1320.gz: 259,463 papers, 2,661 arXiv (6713 p/s)
  [4/6] updated_date=2025-11-06\part_1321.gz: 259,347 papers, 2,652 arXiv (6799 p/s)
  [5/6] updated_date=2025-11-06\part_1322.gz: 258,686 papers, 2,769 arXiv (6792 p/s)
  [6/6] updated_date=2025-11-06\part_1323.gz: 259,160 papers, 2,760 arXiv (6798 p/s)

  Chunk 248 terminé: 1,556,531 papers, 16,352 arXiv (231s, 6749 p/s)
  Progression: 248/309 (80%)
  arXiv trouvés: 3,859,652

============================================================
  CHUNK 249/309
  6 fichiers, 2.35 GB
============================================================
  [1/6] updated_date=2025-11-06\part_1324.gz: 259,809 papers, 2,774 arXiv (6772 p/s)
  [2/6] updated_date=2025-11-06\part_1325.gz: 259,003 papers, 2,724 arXiv (6780 p/s)
  [3/6] updated_date=2025-11-06\part_1326.gz: 400,000 papers, 4,108 arXiv (6763 p/s)
  [4/6] updated_date=2025-11-06\part_1327.gz: 119,588 papers, 1,263 arXiv (6595 p/s)
  [5/6] updated_date=2025-11-06\part_1328.gz: 259,805 papers, 2,759 arXiv (6746 p/s)
  [6/6] updated_date=2025-11-06\part_1329.gz: 400,000 papers, 4,253 arXiv (6763 p/s)

  Chunk 249 terminé: 1,698,205 papers, 17,881 arXiv (252s, 6749 p/s)
  Progression: 249/309 (81%)
  arXiv trouvés: 3,877,533

============================================================
  CHUNK 250/309
  9 fichiers, 2.07 GB
============================================================
  [1/9] updated_date=2025-11-06\part_1330.gz: 119,605 papers, 1,221 arXiv (6514 p/s)
  [2/9] updated_date=2025-11-06\part_1331.gz: 259,468 papers, 2,797 arXiv (6705 p/s)
  [3/9] updated_date=2025-11-06\part_1332.gz: 259,019 papers, 2,761 arXiv (6766 p/s)
  [4/9] updated_date=2025-11-06\part_1333.gz: 259,643 papers, 2,802 arXiv (6759 p/s)
  [5/9] updated_date=2025-11-07\part_0000.gz: 122,800 papers, 3,677 arXiv (6781 p/s)
  [6/9] updated_date=2025-11-08\part_0000.gz: 204,594 papers, 2,932 arXiv (7828 p/s)
  [7/9] updated_date=2025-11-09\part_0000.gz: 155,072 papers, 3,088 arXiv (9236 p/s)
  [8/9] updated_date=2025-11-10\part_0000.gz: 183,690 papers, 43 arXiv (9725 p/s)
  [9/9] updated_date=2025-11-11\part_0000.gz: 135,220 papers, 1,118 arXiv (7199 p/s)

  Chunk 250 terminé: 1,699,111 papers, 20,439 arXiv (233s, 7304 p/s)
  Progression: 250/309 (81%)
  arXiv trouvés: 3,897,972

============================================================
  CHUNK 251/309
  13 fichiers, 2.29 GB
============================================================
  [1/13] updated_date=2025-11-12\part_0000.gz: 400,000 papers, 1,950 arXiv (10361 p/s)
  [2/13] updated_date=2025-11-12\part_0001.gz: 118,587 papers, 787 arXiv (9360 p/s)
  [3/13] updated_date=2025-11-13\part_0000.gz: 47,107 papers, 416 arXiv (6859 p/s)
  [4/13] updated_date=2025-11-14\part_0000.gz: 187,511 papers, 1,031 arXiv (8261 p/s)
  [5/13] updated_date=2025-11-15\part_0000.gz: 135,723 papers, 417 arXiv (10468 p/s)
  [6/13] updated_date=2025-11-16\part_0000.gz: 110,976 papers, 309 arXiv (11058 p/s)
  [7/13] updated_date=2025-11-17\part_0000.gz: 112,263 papers, 72 arXiv (11699 p/s)
  [8/13] updated_date=2025-11-18\part_0000.gz: 161,137 papers, 322 arXiv (10201 p/s)
  [9/13] updated_date=2025-11-19\part_0000.gz: 141,290 papers, 802 arXiv (9254 p/s)
  [10/13] updated_date=2025-11-20\part_0000.gz: 188,675 papers, 1,375 arXiv (6486 p/s)
  [11/13] updated_date=2025-11-23\part_0000.gz: 265,523 papers, 1,670 arXiv (6603 p/s)
  [12/13] updated_date=2025-11-23\part_0001.gz: 267,281 papers, 1,666 arXiv (6415 p/s)
  [13/13] updated_date=2025-11-23\part_0002.gz: 267,778 papers, 1,662 arXiv (6318 p/s)

  Chunk 251 terminé: 2,403,851 papers, 12,479 arXiv (298s, 8067 p/s)
  Progression: 251/309 (81%)
  arXiv trouvés: 3,910,451

============================================================
  CHUNK 252/309
  6 fichiers, 2.09 GB
============================================================
  [1/6] updated_date=2025-11-25\part_0000.gz: 400,000 papers, 939 arXiv (6611 p/s)
  [2/6] updated_date=2025-11-25\part_0001.gz: 235,677 papers, 694 arXiv (5659 p/s)
  [3/6] updated_date=2025-11-27\part_0000.gz: 231,404 papers, 4,027 arXiv (10589 p/s)
  [4/6] updated_date=2025-11-28\part_0000.gz: 347,205 papers, 13,537 arXiv (9216 p/s)
  [5/6] updated_date=2025-11-28\part_0001.gz: 345,969 papers, 13,606 arXiv (9228 p/s)
  [6/6] updated_date=2025-11-28\part_0002.gz: 346,171 papers, 13,664 arXiv (9238 p/s)

  Chunk 252 terminé: 1,906,426 papers, 46,467 arXiv (237s, 8055 p/s)
  Progression: 252/309 (82%)
  arXiv trouvés: 3,956,918

============================================================
  CHUNK 253/309
  12 fichiers, 2.09 GB
============================================================
  [1/12] updated_date=2025-11-29\part_0000.gz: 1,901 papers, 345 arXiv (7869 p/s)
  [2/12] updated_date=2025-11-30\part_0000.gz: 1,266 papers, 203 arXiv (11480 p/s)
  [3/12] updated_date=2025-12-01\part_0000.gz: 390,127 papers, 4,303 arXiv (10664 p/s)
  [4/12] updated_date=2025-12-02\part_0000.gz: 1,916 papers, 1,217 arXiv (5466 p/s)
  [5/12] updated_date=2025-12-03\part_0000.gz: 286,017 papers, 5,820 arXiv (6676 p/s)
  [6/12] updated_date=2025-12-04\part_0000.gz: 171,266 papers, 1,036 arXiv (7129 p/s)
  [7/12] updated_date=2025-12-05\part_0000.gz: 315,519 papers, 3,412 arXiv (9748 p/s)
  [8/12] updated_date=2025-12-06\part_0000.gz: 400,000 papers, 3,039 arXiv (10347 p/s)
  [9/12] updated_date=2025-12-06\part_0001.gz: 165,632 papers, 388 arXiv (13022 p/s)
  [10/12] updated_date=2025-12-07\part_0000.gz: 400,000 papers, 2,284 arXiv (12912 p/s)
  [11/12] updated_date=2025-12-07\part_0001.gz: 57,400 papers, 1,904 arXiv (7016 p/s)
  [12/12] updated_date=2025-12-08\part_0000.gz: 400,000 papers, 3,730 arXiv (8646 p/s)

  Chunk 253 terminé: 2,591,044 papers, 27,681 arXiv (273s, 9474 p/s)
  Progression: 253/309 (82%)
  arXiv trouvés: 3,984,599

============================================================
  CHUNK 254/309
  6 fichiers, 2.12 GB
============================================================
  [1/6] updated_date=2025-12-08\part_0001.gz: 281,012 papers, 543 arXiv (10501 p/s)
  [2/6] updated_date=2025-12-09\part_0000.gz: 2,732 papers, 2,043 arXiv (5409 p/s)
  [3/6] updated_date=2025-12-10\part_0000.gz: 372,459 papers, 445 arXiv (7407 p/s)
  [4/6] updated_date=2025-12-10\part_0001.gz: 373,511 papers, 434 arXiv (7378 p/s)
  [5/6] updated_date=2025-12-10\part_0002.gz: 371,970 papers, 424 arXiv (7365 p/s)
  [6/6] updated_date=2025-12-10\part_0003.gz: 371,304 papers, 478 arXiv (7354 p/s)

  Chunk 254 terminé: 1,772,988 papers, 4,367 arXiv (229s, 7736 p/s)
  Progression: 254/309 (82%)
  arXiv trouvés: 3,988,966

============================================================
  CHUNK 255/309
  5 fichiers, 2.38 GB
============================================================
  [1/5] updated_date=2025-12-10\part_0004.gz: 370,789 papers, 443 arXiv (7439 p/s)
  [2/5] updated_date=2025-12-10\part_0005.gz: 371,500 papers, 415 arXiv (7411 p/s)
  [3/5] updated_date=2025-12-10\part_0006.gz: 371,657 papers, 403 arXiv (7362 p/s)
  [4/5] updated_date=2025-12-10\part_0007.gz: 371,372 papers, 449 arXiv (7386 p/s)
  [5/5] updated_date=2025-12-10\part_0008.gz: 371,987 papers, 468 arXiv (7370 p/s)

  Chunk 255 terminé: 1,857,305 papers, 2,178 arXiv (251s, 7394 p/s)
  Progression: 255/309 (83%)
  arXiv trouvés: 3,991,144

============================================================
  CHUNK 256/309
  8 fichiers, 2.08 GB
============================================================
  [1/8] updated_date=2025-12-10\part_0009.gz: 373,493 papers, 442 arXiv (7339 p/s)
  [2/8] updated_date=2025-12-11\part_0000.gz: 369,953 papers, 1,921 arXiv (11396 p/s)
  [3/8] updated_date=2025-12-11\part_0001.gz: 369,896 papers, 1,931 arXiv (11256 p/s)
  [4/8] updated_date=2025-12-11\part_0002.gz: 369,866 papers, 1,901 arXiv (11242 p/s)
  [5/8] updated_date=2025-12-12\part_0000.gz: 160,066 papers, 3,507 arXiv (6151 p/s)
  [6/8] updated_date=2025-12-13\part_0000.gz: 133,987 papers, 4,053 arXiv (5715 p/s)
  [7/8] updated_date=2025-12-14\part_0000.gz: 75,879 papers, 1,247 arXiv (4234 p/s)
  [8/8] updated_date=2025-12-15\part_0000.gz: 317,605 papers, 1,131 arXiv (11278 p/s)

  Chunk 256 terminé: 2,170,745 papers, 16,133 arXiv (245s, 8868 p/s)
  Progression: 256/309 (83%)
  arXiv trouvés: 4,007,277

============================================================
  CHUNK 257/309
  6 fichiers, 2.12 GB
============================================================
  [1/6] updated_date=2025-12-16\part_0000.gz: 125,889 papers, 3,136 arXiv (6588 p/s)
  [2/6] updated_date=2025-12-17\part_0000.gz: 298,400 papers, 2,063 arXiv (9550 p/s)
  [3/6] updated_date=2025-12-18\part_0000.gz: 1,954 papers, 1,788 arXiv (5166 p/s)
  [4/6] updated_date=2025-12-19\part_0000.gz: 363,474 papers, 1,766 arXiv (6177 p/s)
  [5/6] updated_date=2025-12-19\part_0001.gz: 362,651 papers, 1,757 arXiv (6065 p/s)
  [6/6] updated_date=2025-12-19\part_0002.gz: 363,341 papers, 1,721 arXiv (5942 p/s)

  Chunk 257 terminé: 1,515,709 papers, 12,231 arXiv (231s, 6573 p/s)
  Progression: 257/309 (83%)
  arXiv trouvés: 4,019,508

============================================================
  CHUNK 258/309
  5 fichiers, 2.12 GB
============================================================
  [1/5] updated_date=2025-12-20\part_0000.gz: 1,815 papers, 1,730 arXiv (5181 p/s)
  [2/5] updated_date=2025-12-21\part_0000.gz: 306,850 papers, 707 arXiv (5844 p/s)
  [3/5] updated_date=2025-12-21\part_0001.gz: 306,954 papers, 731 arXiv (5844 p/s)
  [4/5] updated_date=2025-12-21\part_0002.gz: 307,748 papers, 714 arXiv (5839 p/s)
  [5/5] updated_date=2025-12-21\part_0003.gz: 307,656 papers, 738 arXiv (5811 p/s)

  Chunk 258 terminé: 1,231,023 papers, 4,620 arXiv (211s, 5832 p/s)
  Progression: 258/309 (83%)
  arXiv trouvés: 4,024,128

============================================================
  CHUNK 259/309
  4 fichiers, 2.11 GB
============================================================
  [1/4] updated_date=2025-12-21\part_0004.gz: 307,475 papers, 697 arXiv (5884 p/s)
  [2/4] updated_date=2025-12-21\part_0005.gz: 307,039 papers, 698 arXiv (5858 p/s)
  [3/4] updated_date=2025-12-21\part_0006.gz: 307,700 papers, 731 arXiv (5833 p/s)
  [4/4] updated_date=2025-12-21\part_0007.gz: 307,967 papers, 717 arXiv (5870 p/s)

  Chunk 259 terminé: 1,230,181 papers, 2,843 arXiv (210s, 5861 p/s)
  Progression: 259/309 (84%)
  arXiv trouvés: 4,026,971

============================================================
  CHUNK 260/309
  5 fichiers, 2.62 GB
============================================================
  [1/5] updated_date=2025-12-21\part_0008.gz: 307,900 papers, 697 arXiv (5878 p/s)
  [2/5] updated_date=2025-12-21\part_0009.gz: 306,811 papers, 673 arXiv (5834 p/s)
  [3/5] updated_date=2025-12-22\part_0000.gz: 400,000 papers, 524 arXiv (5763 p/s)
  [4/5] updated_date=2025-12-22\part_0001.gz: 87,295 papers, 117 arXiv (5633 p/s)
  [5/5] updated_date=2025-12-22\part_0002.gz: 400,000 papers, 496 arXiv (5728 p/s)

  Chunk 260 terminé: 1,502,006 papers, 2,507 arXiv (260s, 5783 p/s)
  Progression: 260/309 (84%)
  arXiv trouvés: 4,029,478

============================================================
  CHUNK 261/309
  6 fichiers, 2.51 GB
============================================================
  [1/6] updated_date=2025-12-22\part_0003.gz: 87,966 papers, 98 arXiv (6071 p/s)
  [2/6] updated_date=2025-12-22\part_0004.gz: 400,000 papers, 493 arXiv (5762 p/s)
  [3/6] updated_date=2025-12-22\part_0005.gz: 88,314 papers, 132 arXiv (5953 p/s)
  [4/6] updated_date=2025-12-23\part_0000.gz: 400,000 papers, 1,124 arXiv (5818 p/s)
  [5/6] updated_date=2025-12-23\part_0001.gz: 79,994 papers, 203 arXiv (5805 p/s)
  [6/6] updated_date=2025-12-23\part_0002.gz: 400,000 papers, 1,099 arXiv (5759 p/s)

  Chunk 261 terminé: 1,456,274 papers, 3,149 arXiv (251s, 5807 p/s)
  Progression: 261/309 (84%)
  arXiv trouvés: 4,032,627

============================================================
  CHUNK 262/309
  6 fichiers, 2.61 GB
============================================================
  [1/6] updated_date=2025-12-23\part_0003.gz: 79,094 papers, 193 arXiv (5604 p/s)
  [2/6] updated_date=2025-12-23\part_0004.gz: 400,000 papers, 1,125 arXiv (5817 p/s)
  [3/6] updated_date=2025-12-23\part_0005.gz: 79,683 papers, 302 arXiv (5607 p/s)
  [4/6] updated_date=2025-12-24\part_0000.gz: 400,000 papers, 1,277 arXiv (5353 p/s)
  [5/6] updated_date=2025-12-24\part_0001.gz: 70,627 papers, 286 arXiv (5780 p/s)
  [6/6] updated_date=2025-12-24\part_0002.gz: 400,000 papers, 1,395 arXiv (5262 p/s)

  Chunk 262 terminé: 1,429,404 papers, 4,578 arXiv (260s, 5496 p/s)
  Progression: 262/309 (85%)
  arXiv trouvés: 4,037,205

============================================================
  CHUNK 263/309
  6 fichiers, 2.48 GB
============================================================
  [1/6] updated_date=2025-12-24\part_0003.gz: 71,284 papers, 144 arXiv (5745 p/s)
  [2/6] updated_date=2025-12-24\part_0004.gz: 400,000 papers, 1,371 arXiv (5515 p/s)
  [3/6] updated_date=2025-12-24\part_0005.gz: 71,037 papers, 208 arXiv (4862 p/s)
  [4/6] updated_date=2025-12-25\part_0000.gz: 400,000 papers, 792 arXiv (6135 p/s)
  [5/6] updated_date=2025-12-25\part_0001.gz: 123,112 papers, 193 arXiv (5906 p/s)
  [6/6] updated_date=2025-12-25\part_0002.gz: 400,000 papers, 763 arXiv (6062 p/s)

  Chunk 263 terminé: 1,465,433 papers, 3,471 arXiv (252s, 5824 p/s)
  Progression: 263/309 (85%)
  arXiv trouvés: 4,040,676

============================================================
  CHUNK 264/309
  6 fichiers, 2.56 GB
============================================================
  [1/6] updated_date=2025-12-25\part_0003.gz: 122,763 papers, 245 arXiv (5892 p/s)
  [2/6] updated_date=2025-12-25\part_0004.gz: 400,000 papers, 732 arXiv (5842 p/s)
  [3/6] updated_date=2025-12-25\part_0005.gz: 122,270 papers, 191 arXiv (6599 p/s)
  [4/6] updated_date=2025-12-26\part_0000.gz: 400,000 papers, 1,043 arXiv (5550 p/s)
  [5/6] updated_date=2025-12-26\part_0001.gz: 44,944 papers, 54 arXiv (6125 p/s)
  [6/6] updated_date=2025-12-26\part_0002.gz: 400,000 papers, 984 arXiv (5614 p/s)

  Chunk 264 terminé: 1,489,977 papers, 3,249 arXiv (259s, 5762 p/s)
  Progression: 264/309 (85%)
  arXiv trouvés: 4,043,925

============================================================
  CHUNK 265/309
  6 fichiers, 2.25 GB
============================================================
  [1/6] updated_date=2025-12-26\part_0003.gz: 44,080 papers, 172 arXiv (5228 p/s)
  [2/6] updated_date=2025-12-26\part_0004.gz: 400,000 papers, 992 arXiv (5662 p/s)
  [3/6] updated_date=2025-12-26\part_0005.gz: 44,398 papers, 105 arXiv (5466 p/s)
  [4/6] updated_date=2025-12-27\part_0000.gz: 400,000 papers, 631 arXiv (6044 p/s)
  [5/6] updated_date=2025-12-27\part_0001.gz: 37,199 papers, 38 arXiv (6109 p/s)
  [6/6] updated_date=2025-12-27\part_0002.gz: 400,000 papers, 615 arXiv (5999 p/s)

  Chunk 265 terminé: 1,325,677 papers, 2,553 arXiv (226s, 5860 p/s)
  Progression: 265/309 (86%)
  arXiv trouvés: 4,046,478

============================================================
  CHUNK 266/309
  6 fichiers, 2.38 GB
============================================================
  [1/6] updated_date=2025-12-27\part_0003.gz: 37,165 papers, 30 arXiv (6301 p/s)
  [2/6] updated_date=2025-12-27\part_0004.gz: 400,000 papers, 583 arXiv (6022 p/s)
  [3/6] updated_date=2025-12-27\part_0005.gz: 35,992 papers, 29 arXiv (6388 p/s)
  [4/6] updated_date=2025-12-28\part_0000.gz: 294,737 papers, 583 arXiv (5511 p/s)
  [5/6] updated_date=2025-12-28\part_0001.gz: 293,602 papers, 594 arXiv (5518 p/s)
  [6/6] updated_date=2025-12-28\part_0002.gz: 293,906 papers, 579 arXiv (5487 p/s)

  Chunk 266 terminé: 1,355,402 papers, 2,398 arXiv (238s, 5689 p/s)
  Progression: 266/309 (86%)
  arXiv trouvés: 4,048,876

============================================================
  CHUNK 267/309
  3 fichiers, 2.32 GB
============================================================
  [1/3] updated_date=2025-12-29\part_0000.gz: 247,561 papers, 31,694 arXiv (4005 p/s)
  [2/3] updated_date=2025-12-30\part_0000.gz: 383,175 papers, 2,305 arXiv (4333 p/s)
  [3/3] updated_date=2025-12-31\part_0000.gz: 400,000 papers, 3,046 arXiv (4973 p/s)

  Chunk 267 terminé: 1,030,736 papers, 37,045 arXiv (231s, 4467 p/s)
  Progression: 267/309 (86%)
  arXiv trouvés: 4,085,921

============================================================
  CHUNK 268/309
  6 fichiers, 2.54 GB
============================================================
  [1/6] updated_date=2025-12-31\part_0001.gz: 60,380 papers, 546 arXiv (5491 p/s)
  [2/6] updated_date=2026-01-01\part_0000.gz: 330,885 papers, 1,037 arXiv (4673 p/s)
  [3/6] updated_date=2026-01-02\part_0000.gz: 129,938 papers, 2,988 arXiv (5673 p/s)
  [4/6] updated_date=2026-01-03\part_0000.gz: 222,297 papers, 126 arXiv (5322 p/s)
  [5/6] updated_date=2026-01-04\part_0000.gz: 278,732 papers, 85 arXiv (5374 p/s)
  [6/6] updated_date=2026-01-05\part_0000.gz: 311,414 papers, 240 arXiv (5273 p/s)

  Chunk 268 terminé: 1,333,646 papers, 5,022 arXiv (258s, 5179 p/s)
  Progression: 268/309 (87%)
  arXiv trouvés: 4,090,943

============================================================
  CHUNK 269/309
  7 fichiers, 2.26 GB
============================================================
  [1/7] updated_date=2026-01-06\part_0000.gz: 7,799 papers, 3 arXiv (4662 p/s)
  [2/7] updated_date=2026-01-08\part_0000.gz: 256,929 papers, 718 arXiv (6276 p/s)
  [3/7] updated_date=2026-01-08\part_0001.gz: 258,206 papers, 761 arXiv (6146 p/s)
  [4/7] updated_date=2026-01-08\part_0002.gz: 258,094 papers, 710 arXiv (6176 p/s)
  [5/7] updated_date=2026-01-08\part_0003.gz: 257,067 papers, 699 arXiv (6110 p/s)
  [6/7] updated_date=2026-01-08\part_0004.gz: 257,738 papers, 736 arXiv (6100 p/s)
  [7/7] updated_date=2026-01-08\part_0005.gz: 258,279 papers, 701 arXiv (6049 p/s)

  Chunk 269 terminé: 1,554,112 papers, 4,328 arXiv (254s, 6129 p/s)
  Progression: 269/309 (87%)
  arXiv trouvés: 4,095,271

============================================================
  CHUNK 270/309
  5 fichiers, 2.33 GB
============================================================
  [1/5] updated_date=2026-01-08\part_0006.gz: 258,135 papers, 727 arXiv (6260 p/s)
  [2/5] updated_date=2026-01-08\part_0007.gz: 258,213 papers, 727 arXiv (6246 p/s)
  [3/5] updated_date=2026-01-08\part_0008.gz: 258,055 papers, 767 arXiv (6121 p/s)
  [4/5] updated_date=2026-01-08\part_0009.gz: 257,925 papers, 762 arXiv (6102 p/s)
  [5/5] updated_date=2026-01-09\part_0000.gz: 400,000 papers, 759 arXiv (3730 p/s)

  Chunk 270 terminé: 1,432,328 papers, 3,742 arXiv (274s, 5220 p/s)
  Progression: 270/309 (87%)
  arXiv trouvés: 4,099,013

============================================================
  CHUNK 271/309
  5 fichiers, 2.13 GB
============================================================
  [1/5] updated_date=2026-01-09\part_0001.gz: 78,334 papers, 151 arXiv (3886 p/s)
  [2/5] updated_date=2026-01-09\part_0002.gz: 400,000 papers, 727 arXiv (3793 p/s)
  [3/5] updated_date=2026-01-09\part_0003.gz: 77,257 papers, 156 arXiv (3815 p/s)
  [4/5] updated_date=2026-01-09\part_0004.gz: 400,000 papers, 756 arXiv (3783 p/s)
  [5/5] updated_date=2026-01-09\part_0005.gz: 78,345 papers, 116 arXiv (3631 p/s)

  Chunk 271 terminé: 1,033,936 papers, 1,906 arXiv (273s, 3784 p/s)
  Progression: 271/309 (88%)
  arXiv trouvés: 4,100,919

============================================================
  CHUNK 272/309
  5 fichiers, 2.28 GB
============================================================
  [1/5] updated_date=2026-01-10\part_0000.gz: 400,000 papers, 716 arXiv (6436 p/s)
  [2/5] updated_date=2026-01-10\part_0001.gz: 163,727 papers, 281 arXiv (6348 p/s)
  [3/5] updated_date=2026-01-10\part_0002.gz: 400,000 papers, 698 arXiv (6342 p/s)
  [4/5] updated_date=2026-01-10\part_0003.gz: 163,322 papers, 269 arXiv (6395 p/s)
  [5/5] updated_date=2026-01-10\part_0004.gz: 400,000 papers, 685 arXiv (6340 p/s)

  Chunk 272 terminé: 1,527,049 papers, 2,649 arXiv (240s, 6371 p/s)
  Progression: 272/309 (88%)
  arXiv trouvés: 4,103,568

============================================================
  CHUNK 273/309
  5 fichiers, 2.26 GB
============================================================
  [1/5] updated_date=2026-01-10\part_0005.gz: 163,570 papers, 302 arXiv (6462 p/s)
  [2/5] updated_date=2026-01-11\part_0000.gz: 376,989 papers, 353 arXiv (8393 p/s)
  [3/5] updated_date=2026-01-11\part_0001.gz: 377,474 papers, 399 arXiv (8384 p/s)
  [4/5] updated_date=2026-01-11\part_0002.gz: 375,989 papers, 380 arXiv (8395 p/s)
  [5/5] updated_date=2026-01-13\part_0000.gz: 354,242 papers, 2,122 arXiv (3310 p/s)

  Chunk 273 terminé: 1,648,264 papers, 3,556 arXiv (267s, 6170 p/s)
  Progression: 273/309 (88%)
  arXiv trouvés: 4,107,124

============================================================
  CHUNK 274/309
  2 fichiers, 2.08 GB
============================================================
  [1/2] updated_date=2026-01-13\part_0001.gz: 356,308 papers, 2,071 arXiv (3297 p/s)
  [2/2] updated_date=2026-01-13\part_0002.gz: 356,289 papers, 2,190 arXiv (3305 p/s)

  Chunk 274 terminé: 712,597 papers, 4,261 arXiv (216s, 3300 p/s)
  Progression: 274/309 (89%)
  arXiv trouvés: 4,111,385

============================================================
  CHUNK 275/309
  2 fichiers, 2.07 GB
============================================================
  [1/2] updated_date=2026-01-13\part_0003.gz: 354,672 papers, 2,182 arXiv (3301 p/s)
  [2/2] updated_date=2026-01-13\part_0004.gz: 355,591 papers, 2,051 arXiv (3290 p/s)

  Chunk 275 terminé: 710,263 papers, 4,233 arXiv (216s, 3295 p/s)
  Progression: 275/309 (89%)
  arXiv trouvés: 4,115,618

============================================================
  CHUNK 276/309
  2 fichiers, 2.07 GB
============================================================
  [1/2] updated_date=2026-01-13\part_0005.gz: 355,638 papers, 2,159 arXiv (3322 p/s)
  [2/2] updated_date=2026-01-13\part_0006.gz: 354,665 papers, 2,038 arXiv (3312 p/s)

  Chunk 276 terminé: 710,303 papers, 4,197 arXiv (214s, 3316 p/s)
  Progression: 276/309 (89%)
  arXiv trouvés: 4,119,815

============================================================
  CHUNK 277/309
  2 fichiers, 2.07 GB
============================================================
  [1/2] updated_date=2026-01-13\part_0007.gz: 355,022 papers, 2,157 arXiv (3317 p/s)
  [2/2] updated_date=2026-01-13\part_0008.gz: 354,434 papers, 2,169 arXiv (3299 p/s)

  Chunk 277 terminé: 709,456 papers, 4,326 arXiv (215s, 3307 p/s)
  Progression: 277/309 (90%)
  arXiv trouvés: 4,124,141

============================================================
  CHUNK 278/309
  2 fichiers, 2.07 GB
============================================================
  [1/2] updated_date=2026-01-13\part_0009.gz: 355,132 papers, 2,104 arXiv (3311 p/s)
  [2/2] updated_date=2026-01-13\part_0010.gz: 354,834 papers, 2,074 arXiv (3311 p/s)

  Chunk 278 terminé: 709,966 papers, 4,178 arXiv (214s, 3311 p/s)
  Progression: 278/309 (90%)
  arXiv trouvés: 4,128,319

============================================================
  CHUNK 279/309
  2 fichiers, 2.08 GB
============================================================
  [1/2] updated_date=2026-01-13\part_0011.gz: 355,704 papers, 2,032 arXiv (3309 p/s)
  [2/2] updated_date=2026-01-13\part_0012.gz: 354,961 papers, 2,106 arXiv (3312 p/s)

  Chunk 279 terminé: 710,665 papers, 4,138 arXiv (215s, 3310 p/s)
  Progression: 279/309 (90%)
  arXiv trouvés: 4,132,457

============================================================
  CHUNK 280/309
  2 fichiers, 2.07 GB
============================================================
  [1/2] updated_date=2026-01-13\part_0013.gz: 355,114 papers, 2,127 arXiv (3309 p/s)
  [2/2] updated_date=2026-01-13\part_0014.gz: 356,024 papers, 2,096 arXiv (3311 p/s)

  Chunk 280 terminé: 711,138 papers, 4,223 arXiv (215s, 3309 p/s)
  Progression: 280/309 (91%)
  arXiv trouvés: 4,136,680

============================================================
  CHUNK 281/309
  2 fichiers, 2.08 GB
============================================================
  [1/2] updated_date=2026-01-13\part_0015.gz: 356,462 papers, 2,120 arXiv (3295 p/s)
  [2/2] updated_date=2026-01-13\part_0016.gz: 354,799 papers, 2,192 arXiv (3306 p/s)

  Chunk 281 terminé: 711,261 papers, 4,312 arXiv (216s, 3300 p/s)
  Progression: 281/309 (91%)
  arXiv trouvés: 4,140,992

============================================================
  CHUNK 282/309
  2 fichiers, 2.07 GB
============================================================
  [1/2] updated_date=2026-01-13\part_0017.gz: 354,318 papers, 2,042 arXiv (3314 p/s)
  [2/2] updated_date=2026-01-13\part_0018.gz: 354,615 papers, 2,128 arXiv (3302 p/s)

  Chunk 282 terminé: 708,933 papers, 4,170 arXiv (214s, 3308 p/s)
  Progression: 282/309 (91%)
  arXiv trouvés: 4,145,162

============================================================
  CHUNK 283/309
  2 fichiers, 2.08 GB
============================================================
  [1/2] updated_date=2026-01-13\part_0019.gz: 355,421 papers, 2,064 arXiv (3307 p/s)
  [2/2] updated_date=2026-01-13\part_0020.gz: 355,713 papers, 2,137 arXiv (3296 p/s)

  Chunk 283 terminé: 711,134 papers, 4,201 arXiv (215s, 3301 p/s)
  Progression: 283/309 (92%)
  arXiv trouvés: 4,149,363

============================================================
  CHUNK 284/309
  2 fichiers, 2.08 GB
============================================================
  [1/2] updated_date=2026-01-13\part_0021.gz: 355,131 papers, 2,127 arXiv (3295 p/s)
  [2/2] updated_date=2026-01-13\part_0022.gz: 356,012 papers, 2,077 arXiv (3301 p/s)

  Chunk 284 terminé: 711,143 papers, 4,204 arXiv (216s, 3297 p/s)
  Progression: 284/309 (92%)
  arXiv trouvés: 4,153,567

============================================================
  CHUNK 285/309
  2 fichiers, 2.07 GB
============================================================
  [1/2] updated_date=2026-01-13\part_0023.gz: 355,220 papers, 2,085 arXiv (3306 p/s)
  [2/2] updated_date=2026-01-13\part_0024.gz: 355,188 papers, 2,077 arXiv (3295 p/s)

  Chunk 285 terminé: 710,408 papers, 4,162 arXiv (215s, 3300 p/s)
  Progression: 285/309 (92%)
  arXiv trouvés: 4,157,729

============================================================
  CHUNK 286/309
  2 fichiers, 2.08 GB
============================================================
  [1/2] updated_date=2026-01-13\part_0025.gz: 354,879 papers, 2,101 arXiv (3287 p/s)
  [2/2] updated_date=2026-01-13\part_0026.gz: 355,498 papers, 2,100 arXiv (3306 p/s)

  Chunk 286 terminé: 710,377 papers, 4,201 arXiv (216s, 3296 p/s)
  Progression: 286/309 (93%)
  arXiv trouvés: 4,161,930

============================================================
  CHUNK 287/309
  2 fichiers, 2.07 GB
============================================================
  [1/2] updated_date=2026-01-13\part_0027.gz: 355,001 papers, 2,151 arXiv (3305 p/s)
  [2/2] updated_date=2026-01-13\part_0028.gz: 354,661 papers, 2,169 arXiv (3276 p/s)

  Chunk 287 terminé: 709,662 papers, 4,320 arXiv (216s, 3290 p/s)
  Progression: 287/309 (93%)
  arXiv trouvés: 4,166,250

============================================================
  CHUNK 288/309
  2 fichiers, 2.08 GB
============================================================
  [1/2] updated_date=2026-01-13\part_0029.gz: 355,041 papers, 2,064 arXiv (3297 p/s)
  [2/2] updated_date=2026-01-13\part_0030.gz: 355,745 papers, 1,994 arXiv (3295 p/s)

  Chunk 288 terminé: 710,786 papers, 4,058 arXiv (216s, 3295 p/s)
  Progression: 288/309 (93%)
  arXiv trouvés: 4,170,308

============================================================
  CHUNK 289/309
  2 fichiers, 2.08 GB
============================================================
  [1/2] updated_date=2026-01-13\part_0031.gz: 355,906 papers, 2,155 arXiv (3292 p/s)
  [2/2] updated_date=2026-01-13\part_0032.gz: 354,977 papers, 2,097 arXiv (3294 p/s)

  Chunk 289 terminé: 710,883 papers, 4,252 arXiv (216s, 3292 p/s)
  Progression: 289/309 (94%)
  arXiv trouvés: 4,174,560

============================================================
  CHUNK 290/309
  2 fichiers, 2.08 GB
============================================================
  [1/2] updated_date=2026-01-13\part_0033.gz: 355,499 papers, 2,115 arXiv (3307 p/s)
  [2/2] updated_date=2026-01-13\part_0034.gz: 356,215 papers, 2,128 arXiv (3296 p/s)

  Chunk 290 terminé: 711,714 papers, 4,243 arXiv (216s, 3301 p/s)
  Progression: 290/309 (94%)
  arXiv trouvés: 4,178,803

============================================================
  CHUNK 291/309
  2 fichiers, 2.07 GB
============================================================
  [1/2] updated_date=2026-01-13\part_0035.gz: 354,847 papers, 2,084 arXiv (3331 p/s)
  [2/2] updated_date=2026-01-13\part_0036.gz: 356,078 papers, 2,153 arXiv (3317 p/s)

  Chunk 291 terminé: 710,925 papers, 4,237 arXiv (214s, 3323 p/s)
  Progression: 291/309 (94%)
  arXiv trouvés: 4,183,040

============================================================
  CHUNK 292/309
  2 fichiers, 2.08 GB
============================================================
  [1/2] updated_date=2026-01-13\part_0037.gz: 356,047 papers, 2,132 arXiv (3313 p/s)
  [2/2] updated_date=2026-01-13\part_0038.gz: 356,195 papers, 2,168 arXiv (3140 p/s)

  Chunk 292 terminé: 712,242 papers, 4,300 arXiv (221s, 3223 p/s)
  Progression: 292/309 (94%)
  arXiv trouvés: 4,187,340

============================================================
  CHUNK 293/309
  2 fichiers, 2.08 GB
============================================================
  [1/2] updated_date=2026-01-13\part_0039.gz: 355,766 papers, 2,146 arXiv (3026 p/s)
  [2/2] updated_date=2026-01-13\part_0040.gz: 355,279 papers, 2,083 arXiv (2989 p/s)

  Chunk 293 terminé: 711,045 papers, 4,229 arXiv (236s, 3007 p/s)
  Progression: 293/309 (95%)
  arXiv trouvés: 4,191,569

============================================================
  CHUNK 294/309
  2 fichiers, 2.08 GB
============================================================
  [1/2] updated_date=2026-01-13\part_0041.gz: 355,658 papers, 2,147 arXiv (3068 p/s)
  [2/2] updated_date=2026-01-13\part_0042.gz: 356,432 papers, 2,117 arXiv (3057 p/s)

  Chunk 294 terminé: 712,090 papers, 4,264 arXiv (233s, 3062 p/s)
  Progression: 294/309 (95%)
  arXiv trouvés: 4,195,833

============================================================
  CHUNK 295/309
  2 fichiers, 2.07 GB
============================================================
  [1/2] updated_date=2026-01-13\part_0043.gz: 354,287 papers, 2,063 arXiv (3015 p/s)
  [2/2] updated_date=2026-01-13\part_0044.gz: 356,379 papers, 2,101 arXiv (3013 p/s)

  Chunk 295 terminé: 710,666 papers, 4,164 arXiv (236s, 3013 p/s)
  Progression: 295/309 (95%)
  arXiv trouvés: 4,199,997

============================================================
  CHUNK 296/309
  2 fichiers, 2.07 GB
============================================================
  [1/2] updated_date=2026-01-13\part_0045.gz: 356,608 papers, 2,076 arXiv (2972 p/s)
  [2/2] updated_date=2026-01-13\part_0046.gz: 354,427 papers, 2,134 arXiv (3015 p/s)

  Chunk 296 terminé: 711,035 papers, 4,210 arXiv (238s, 2992 p/s)
  Progression: 296/309 (96%)
  arXiv trouvés: 4,204,207

============================================================
  CHUNK 297/309
  2 fichiers, 2.07 GB
============================================================
  [1/2] updated_date=2026-01-13\part_0047.gz: 354,944 papers, 2,108 arXiv (3043 p/s)
  [2/2] updated_date=2026-01-13\part_0048.gz: 355,751 papers, 2,033 arXiv (2993 p/s)

  Chunk 297 terminé: 710,695 papers, 4,141 arXiv (236s, 3017 p/s)
  Progression: 297/309 (96%)
  arXiv trouvés: 4,208,348

============================================================
  CHUNK 298/309
  3 fichiers, 2.05 GB
============================================================
  [1/3] updated_date=2026-01-13\part_0049.gz: 355,673 papers, 2,155 arXiv (3046 p/s)
  [2/3] updated_date=2026-01-14\part_0000.gz: 360,644 papers, 1,717 arXiv (5429 p/s)
  [3/3] updated_date=2026-01-14\part_0001.gz: 361,241 papers, 1,683 arXiv (5413 p/s)

  Chunk 298 terminé: 1,077,558 papers, 5,555 arXiv (250s, 4310 p/s)
  Progression: 298/309 (96%)
  arXiv trouvés: 4,213,903

============================================================
  CHUNK 299/309
  4 fichiers, 2.64 GB
============================================================
  [1/4] updated_date=2026-01-14\part_0002.gz: 360,868 papers, 1,760 arXiv (5631 p/s)
  [2/4] updated_date=2026-01-15\part_0000.gz: 318,422 papers, 5,280 arXiv (4128 p/s)
  [3/4] updated_date=2026-01-15\part_0001.gz: 320,015 papers, 5,253 arXiv (4135 p/s)
  [4/4] updated_date=2026-01-15\part_0002.gz: 318,954 papers, 5,308 arXiv (4132 p/s)

  Chunk 299 terminé: 1,318,259 papers, 17,601 arXiv (296s, 4455 p/s)
  Progression: 299/309 (97%)
  arXiv trouvés: 4,231,504

============================================================
  CHUNK 300/309
  3 fichiers, 2.25 GB
============================================================
  [1/3] updated_date=2026-01-16\part_0000.gz: 400,000 papers, 3,763 arXiv (4467 p/s)
  [2/3] updated_date=2026-01-16\part_0001.gz: 60,060 papers, 582 arXiv (4586 p/s)
  [3/3] updated_date=2026-01-17\part_0000.gz: 393,740 papers, 2,910 arXiv (2862 p/s)

  Chunk 300 terminé: 853,800 papers, 7,255 arXiv (240s, 3553 p/s)
  Progression: 300/309 (97%)
  arXiv trouvés: 4,238,759

============================================================
  CHUNK 301/309
  5 fichiers, 2.76 GB
============================================================
  [1/5] updated_date=2026-01-19\part_0000.gz: 400,000 papers, 1,024 arXiv (5013 p/s)
  [2/5] updated_date=2026-01-19\part_0001.gz: 56,004 papers, 170 arXiv (4788 p/s)
  [3/5] updated_date=2026-01-20\part_0000.gz: 400,000 papers, 1,632 arXiv (4134 p/s)
  [4/5] updated_date=2026-01-20\part_0001.gz: 30,040 papers, 154 arXiv (3980 p/s)
  [5/5] updated_date=2026-01-20\part_0002.gz: 400,000 papers, 1,702 arXiv (4076 p/s)

  Chunk 301 terminé: 1,286,044 papers, 4,682 arXiv (294s, 4374 p/s)
  Progression: 301/309 (97%)
  arXiv trouvés: 4,243,441

============================================================
  CHUNK 302/309
  5 fichiers, 2.58 GB
============================================================
  [1/5] updated_date=2026-01-20\part_0003.gz: 28,085 papers, 83 arXiv (4042 p/s)
  [2/5] updated_date=2026-01-20\part_0004.gz: 400,000 papers, 1,632 arXiv (4113 p/s)
  [3/5] updated_date=2026-01-20\part_0005.gz: 28,582 papers, 130 arXiv (4018 p/s)
  [4/5] updated_date=2026-01-21\part_0000.gz: 400,000 papers, 714 arXiv (4319 p/s)
  [5/5] updated_date=2026-01-21\part_0001.gz: 310,352 papers, 472 arXiv (4490 p/s)

  Chunk 302 terminé: 1,167,019 papers, 3,031 arXiv (273s, 4273 p/s)
  Progression: 302/309 (98%)
  arXiv trouvés: 4,246,472

============================================================
  CHUNK 303/309
  3 fichiers, 2.67 GB
============================================================
  [1/3] updated_date=2026-01-22\part_0000.gz: 400,000 papers, 3,673 arXiv (4415 p/s)
  [2/3] updated_date=2026-01-22\part_0001.gz: 383,532 papers, 3,268 arXiv (4248 p/s)
  [3/3] updated_date=2026-01-23\part_0000.gz: 400,000 papers, 2,842 arXiv (3938 p/s)

  Chunk 303 terminé: 1,183,532 papers, 9,783 arXiv (283s, 4188 p/s)
  Progression: 303/309 (98%)
  arXiv trouvés: 4,256,255

============================================================
  CHUNK 304/309
  4 fichiers, 2.60 GB
============================================================
  [1/4] updated_date=2026-01-23\part_0001.gz: 106,580 papers, 570 arXiv (3803 p/s)
  [2/4] updated_date=2026-01-24\part_0000.gz: 400,000 papers, 2,557 arXiv (3879 p/s)
  [3/4] updated_date=2026-01-24\part_0001.gz: 116,754 papers, 642 arXiv (3854 p/s)
  [4/4] updated_date=2026-01-25\part_0000.gz: 400,000 papers, 1,398 arXiv (3849 p/s)

  Chunk 304 terminé: 1,023,334 papers, 5,167 arXiv (265s, 3855 p/s)
  Progression: 304/309 (98%)
  arXiv trouvés: 4,261,422

============================================================
  CHUNK 305/309
  7 fichiers, 2.33 GB
============================================================
  [1/7] updated_date=2026-01-25\part_0001.gz: 67,527 papers, 164 arXiv (3982 p/s)
  [2/7] updated_date=2026-01-26\part_0000.gz: 214,071 papers, 527 arXiv (4019 p/s)
  [3/7] updated_date=2026-01-27\part_0000.gz: 92,603 papers, 1,917 arXiv (4369 p/s)
  [4/7] updated_date=2026-01-28\part_0000.gz: 132,369 papers, 4,512 arXiv (5371 p/s)
  [5/7] updated_date=2026-01-29\part_0000.gz: 136,484 papers, 2,871 arXiv (5190 p/s)
  [6/7] updated_date=2026-01-30\part_0000.gz: 183,625 papers, 2,518 arXiv (4957 p/s)
  [7/7] updated_date=2026-02-01\part_0000.gz: 400,000 papers, 2,415 arXiv (5316 p/s)

  Chunk 305 terminé: 1,226,679 papers, 14,924 arXiv (255s, 4815 p/s)
  Progression: 305/309 (99%)
  arXiv trouvés: 4,276,346

============================================================
  CHUNK 306/309
  3 fichiers, 2.07 GB
============================================================
  [1/3] updated_date=2026-02-01\part_0001.gz: 290,226 papers, 1,274 arXiv (5731 p/s)
  [2/3] updated_date=2026-02-02\part_0000.gz: 400,000 papers, 6,466 arXiv (3044 p/s)
  [3/3] updated_date=2026-02-02\part_0001.gz: 208,854 papers, 2,964 arXiv (3412 p/s)

  Chunk 306 terminé: 899,080 papers, 10,704 arXiv (243s, 3695 p/s)
  Progression: 306/309 (99%)
  arXiv trouvés: 4,287,050

============================================================
  CHUNK 307/309
  3 fichiers, 2.47 GB
============================================================
  [1/3] updated_date=2026-02-02\part_0002.gz: 304,508 papers, 4,753 arXiv (3111 p/s)
  [2/3] updated_date=2026-02-02\part_0003.gz: 304,961 papers, 4,644 arXiv (3124 p/s)
  [3/3] updated_date=2026-02-02\part_0004.gz: 303,580 papers, 4,677 arXiv (3114 p/s)

  Chunk 307 terminé: 913,049 papers, 14,074 arXiv (293s, 3116 p/s)
  Progression: 307/309 (99%)
  arXiv trouvés: 4,301,124

============================================================
  CHUNK 308/309
  3 fichiers, 2.47 GB
============================================================
  [1/3] updated_date=2026-02-02\part_0005.gz: 304,441 papers, 4,702 arXiv (3138 p/s)
  [2/3] updated_date=2026-02-02\part_0006.gz: 305,603 papers, 4,740 arXiv (3119 p/s)
  [3/3] updated_date=2026-02-02\part_0007.gz: 304,093 papers, 4,612 arXiv (3072 p/s)

  Chunk 308 terminé: 914,137 papers, 14,054 arXiv (294s, 3108 p/s)
  Progression: 308/309 (100%)
  arXiv trouvés: 4,315,178

============================================================
  CHUNK 309/309
  2 fichiers, 1.65 GB
============================================================
  [1/2] updated_date=2026-02-02\part_0008.gz: 304,840 papers, 4,710 arXiv (3116 p/s)
  [2/2] updated_date=2026-02-02\part_0009.gz: 305,304 papers, 4,753 arXiv (3147 p/s)

  Chunk 309 terminé: 610,144 papers, 9,463 arXiv (195s, 3130 p/s)

  SCAN TERMINÉ!
  Total: 479,290,643 papers scannés
  arXiv: 4,324,641 papers trouvés

  Tous les chunks sont scannés. Fusion automatique...
  Fusion de 309 chunks...
  chunk_001: 1,926 entries
  chunk_002: 3,451 entries
  chunk_003: 3,376 entries
  chunk_004: 3,459 entries
  chunk_005: 3,489 entries
  chunk_006: 3,415 entries
  chunk_007: 3,491 entries
  chunk_008: 3,379 entries
  chunk_009: 3,438 entries
  chunk_010: 3,649 entries
  chunk_011: 3,175 entries
  chunk_012: 3,508 entries
  chunk_013: 3,353 entries
  chunk_014: 3,411 entries
  chunk_015: 3,429 entries
  chunk_016: 3,363 entries
  chunk_017: 3,380 entries
  chunk_018: 3,351 entries
  chunk_019: 3,324 entries
  chunk_020: 3,532 entries
  chunk_021: 3,436 entries
  chunk_022: 3,681 entries
  chunk_023: 3,353 entries
  chunk_024: 23,030 entries
  chunk_025: 17,648 entries
  chunk_026: 18,938 entries
  chunk_027: 17,546 entries
  chunk_028: 17,681 entries
  chunk_029: 17,359 entries
  chunk_030: 16,079 entries
  chunk_031: 17,654 entries
  chunk_032: 16,368 entries
  chunk_033: 17,613 entries
  chunk_034: 16,316 entries
  chunk_035: 16,147 entries
  chunk_036: 14,847 entries
  chunk_037: 19,089 entries
  chunk_038: 17,620 entries
  chunk_039: 16,129 entries
  chunk_040: 16,245 entries
  chunk_041: 16,413 entries
  chunk_042: 16,235 entries
  chunk_043: 16,197 entries
  chunk_044: 16,248 entries
  chunk_045: 16,372 entries
  chunk_046: 16,158 entries
  chunk_047: 16,376 entries
  chunk_048: 16,053 entries
  chunk_049: 16,254 entries
  chunk_050: 17,841 entries
  chunk_051: 17,544 entries
  chunk_052: 17,448 entries
  chunk_053: 19,198 entries
  chunk_054: 17,369 entries
  chunk_055: 16,402 entries
  chunk_056: 16,179 entries
  chunk_057: 16,349 entries
  chunk_058: 15,207 entries
  chunk_059: 18,904 entries
  chunk_060: 18,928 entries
  chunk_061: 17,419 entries
  chunk_062: 16,303 entries
Traceback (most recent call last):
  File "c:\Users\ludov\Desktop\ygg\yggdrasil-engine\engine\mining\arxiv_openalex_mapper.py", line 509, in <module>
    main()
    ~~~~^^
  File "c:\Users\ludov\Desktop\ygg\yggdrasil-engine\engine\mining\arxiv_openalex_mapper.py", line 505, in main
    merge_chunks()
    ~~~~~~~~~~~~^^
  File "c:\Users\ludov\Desktop\ygg\yggdrasil-engine\engine\mining\arxiv_openalex_mapper.py", line 393, in merge_chunks
    partial = json.load(f)
  File "C:\Users\ludov\AppData\Local\Programs\Python\Python313\Lib\json\__init__.py", line 293, in load
    return loads(fp.read(),
                 ~~~~~~~^^
  File "C:\Users\ludov\AppData\Local\Programs\Python\Python313\Lib\gzip.py", line 340, in read
    return self._buffer.read(size)
           ~~~~~~~~~~~~~~~~~^^^^^^
  File "C:\Users\ludov\AppData\Local\Programs\Python\Python313\Lib\_compression.py", line 121, in readall
    return b"".join(chunks)
           ~~~~~~~~^^^^^^^^
MemoryError
